-- MySQL dump 10.13  Distrib 8.0.34, for Linux (x86_64)
--
-- Host: localhost    Database: ana_rosa
-- ------------------------------------------------------
-- Server version	8.0.34-0ubuntu0.20.04.1

/*!40101 SET @OLD_CHARACTER_SET_CLIENT=@@CHARACTER_SET_CLIENT */;
/*!40101 SET @OLD_CHARACTER_SET_RESULTS=@@CHARACTER_SET_RESULTS */;
/*!40101 SET @OLD_COLLATION_CONNECTION=@@COLLATION_CONNECTION */;
/*!50503 SET NAMES utf8mb4 */;
/*!40103 SET @OLD_TIME_ZONE=@@TIME_ZONE */;
/*!40103 SET TIME_ZONE='+00:00' */;
/*!40014 SET @OLD_UNIQUE_CHECKS=@@UNIQUE_CHECKS, UNIQUE_CHECKS=0 */;
/*!40014 SET @OLD_FOREIGN_KEY_CHECKS=@@FOREIGN_KEY_CHECKS, FOREIGN_KEY_CHECKS=0 */;
/*!40101 SET @OLD_SQL_MODE=@@SQL_MODE, SQL_MODE='NO_AUTO_VALUE_ON_ZERO' */;
/*!40111 SET @OLD_SQL_NOTES=@@SQL_NOTES, SQL_NOTES=0 */;

--
-- Table structure for table `Curso`
--

DROP TABLE IF EXISTS `Curso`;
/*!40101 SET @saved_cs_client     = @@character_set_client */;
/*!50503 SET character_set_client = utf8mb4 */;
CREATE TABLE `Curso` (
  `id_curso` int NOT NULL AUTO_INCREMENT,
  `Cur_Nombre` varchar(100) DEFAULT NULL,
  `id_programa` int DEFAULT NULL,
  `Cur_Pensum` varchar(10) DEFAULT NULL,
  `Cur_Year_semestre` varchar(10) DEFAULT NULL,
  `Cur_Ciclo` varchar(4) DEFAULT NULL,
  `Cur_CodigoQ10` varchar(10) DEFAULT NULL,
  `Cur_Cod_Gerens` varchar(10) DEFAULT NULL,
  `Cur_Email` varchar(40) DEFAULT NULL,
  `Cur_Inicio` date DEFAULT NULL,
  `Cur_Finalizacion` date DEFAULT NULL,
  `Cur_Estado` varchar(25) DEFAULT NULL,
  `Cur_Total_horas` int DEFAULT NULL,
  `Cur_Num_matriculados` int DEFAULT NULL,
  PRIMARY KEY (`id_curso`),
  KEY `id_programa` (`id_programa`)
) ENGINE=InnoDB AUTO_INCREMENT=20220023 DEFAULT CHARSET=utf8mb3;
/*!40101 SET character_set_client = @saved_cs_client */;

--
-- Dumping data for table `Curso`
--

LOCK TABLES `Curso` WRITE;
/*!40000 ALTER TABLE `Curso` DISABLE KEYS */;
INSERT INTO `Curso` VALUES (20160001,'Comportamiento  Gestión de la Fuerza Laboral y Habilidades Gerenciales',1,'2016','2016-1','C1',NULL,NULL,NULL,NULL,NULL,'',61,31),(20160002,'Contabilidad Gerencial y Gestión de Costos para la Empresa Minera',1,'2016','2016-1','C1',NULL,NULL,NULL,NULL,NULL,'',55,31),(20160003,'Economía y Entorno para el Negocio Minero',1,'2016','2016-1','C1',NULL,NULL,NULL,NULL,NULL,'',56,31),(20160004,'Estadística e Investigación de Operaciones Aplicada a la Minería',1,'2016','2016-1','C1',NULL,NULL,NULL,NULL,NULL,'',50,31),(20160005,'Metodología de la Investigación Aplicada al Negocio Minero I',1,'2016','2016-1','C1',NULL,NULL,NULL,NULL,NULL,'',47,31),(20160006,'Comercialización y Logística del Negocio Minero',1,'2016','2016-2','C2',NULL,NULL,NULL,NULL,NULL,'',38,30),(20160007,'Gerencia de Operaciones y Proyectos Mineros I',1,'2016','2016-2','C2',NULL,NULL,NULL,NULL,NULL,'',54,30),(20160008,'Gerencia Estratégica de Empresas Mineras y Simulación de Negocios (SGM) I',1,'2016','2016-2','C2',NULL,NULL,NULL,NULL,NULL,'',44,30),(20160009,'Gerencia Financiera para el Negocio Minero',1,'2016','2016-2','C2',NULL,NULL,NULL,NULL,NULL,'',58,30),(20160010,'Laboratorio de habilidades docentes y Coaching I',1,'2016','2016-2','C2',NULL,NULL,NULL,NULL,NULL,'',22,30),(20160011,'Metodología de la Investigación Aplicada al Negocio Minero II',1,'2016','2016-2','C2',NULL,NULL,NULL,NULL,NULL,'',47,30),(20170001,'Metodología de la Investigación Aplicada al Negocio Minero I',1,'2017','2017-1','C1',NULL,NULL,NULL,NULL,NULL,'',47,32),(20170002,'Comportamiento  Gestión de la Fuerza Laboral y Habilidades Gerenciales',1,'2017','2017-1','C1',NULL,NULL,NULL,NULL,NULL,'',61,32),(20170003,'Contabilidad Gerencial y Gestión de Costos para la Empresa Minera',1,'2017','2017-1','C1',NULL,NULL,NULL,NULL,NULL,'',55,32),(20170004,'Economía y Entorno para el Negocio Minero',1,'2017','2017-1','C1',NULL,NULL,NULL,NULL,NULL,'',56,32),(20170005,'Estadística e Investigación de Operaciones Aplicada a la Minería',1,'2017','2017-1','C1',NULL,NULL,NULL,NULL,NULL,'',46,32),(20170006,'Gerencia de Operaciones y Proyectos Mineros II',1,'2016','2017-1','C3',NULL,NULL,NULL,NULL,NULL,'',57,28),(20170007,'Gerencia Estratégica de Empresas Mineras y Simulación de Negocios (SGM) II',1,'2016','2017-1','C3',NULL,NULL,NULL,NULL,NULL,'',64,28),(20170008,'Gerenciamiento de Proyectos en Minería',1,'2016','2017-1','C3',NULL,NULL,NULL,NULL,NULL,'',36,28),(20170009,'Gestión Ambiental  Salud y Seguridad en el Negocio Minero',1,'2016','2017-1','C3',NULL,NULL,NULL,NULL,NULL,'',55,28),(20170010,'Seminario de Investigación I',1,'2016','2017-1','C3',NULL,NULL,NULL,NULL,NULL,'',76,28),(20170011,'Viaje de Estudios',1,'2016','2017-1','C3',NULL,NULL,NULL,NULL,NULL,'',56,28),(20170012,'Comercialización y Logística del Negocio Minero',1,'2017','2017-2','C2',NULL,NULL,NULL,NULL,NULL,'',38,30),(20170013,'Evaluación de Proyectos Mineros y Geológicos',1,'2016','2017-2','C4',NULL,NULL,NULL,NULL,NULL,'',36,14),(20170014,'Gerencia de Operaciones y Proyectos Mineros I',1,'2017','2017-2','C2',NULL,NULL,NULL,NULL,NULL,'',54,30),(20170015,'Gerencia Estratégica de Empresas Mineras y Simulación de Negocios (SGM) I',1,'2017','2017-2','C2',NULL,NULL,NULL,NULL,NULL,'',44,30),(20170016,'Gerencia Estratégica de Empresas Mineras y Simulación de Negocios (SGM) III',1,'2016','2017-2','C4',NULL,NULL,NULL,NULL,NULL,'',44,27),(20170017,'Gerencia Financiera para el Negocio Minero',1,'2017','2017-2','C2',NULL,NULL,NULL,NULL,NULL,'',58,30),(20170018,'Gestión de Costos en el Ciclo de Vida de una Mina',1,'2016','2017-2','C4',NULL,NULL,NULL,NULL,NULL,'',36,27),(20170019,'Laboratorio de Coaching y Habilidades de Comunicación I',1,'2017','2017-2','C2',NULL,NULL,NULL,NULL,NULL,'',22,30),(20170020,'Laboratorio de Coaching y Habilidades de Comunicación II',1,'2016','2017-2','C4',NULL,NULL,NULL,NULL,NULL,'',22,27),(20170021,'Metodología de la Investigación Aplicada al Negocio Minero II',1,'2017','2017-2','C2',NULL,NULL,NULL,NULL,NULL,'',47,30),(20170022,'Optimización de Procesos con Diseño de Experimentos',1,'2016','2017-2','C4',NULL,NULL,NULL,NULL,NULL,'',36,13),(20170023,'Responsabilidad Social y Desarrollo Sostenible',1,'2016','2017-2','C4',NULL,NULL,NULL,NULL,NULL,'',62,27),(20170024,'Seminario de Investigación II',1,'2016','2017-2','C4',NULL,NULL,NULL,NULL,NULL,'',102,27),(20180001,'Comportamiento  Gestión de la Fuerza Laboral y Habilidades Gerenciales',1,'2018','2018-1','C1',NULL,NULL,NULL,NULL,NULL,'',61,26),(20180002,'Contabilidad Gerencial y Gestión de Costos para la Empresa Minera',1,'2018','2018-1','C1',NULL,NULL,NULL,NULL,NULL,'',55,26),(20180003,'Economía y Entorno para el Negocio Minero',1,'2018','2018-1','C1',NULL,NULL,NULL,NULL,NULL,'',56,26),(20180004,'Empleabilidad y Habilidades Directivas ',1,'2017','2018-1','C3',NULL,NULL,NULL,NULL,NULL,'',36,15),(20180005,'Estadística e Investigación de Operaciones Aplicada a la Minería',1,'2018','2018-1','C1',NULL,NULL,NULL,NULL,NULL,'',46,26),(20180006,'Gerencia de Operaciones y Proyectos Mineros II',1,'2017','2018-1','C3',NULL,NULL,NULL,NULL,NULL,'',57,28),(20180007,'Gerencia Estratégica de Empresas Mineras y Simulación de Negocios (SGM) II',1,'2017','2018-1','C3',NULL,NULL,NULL,NULL,NULL,'',64,28),(20180008,'Gestión Ambiental  Salud y Seguridad en el Negocio Minero',1,'2017','2018-1','C3',NULL,NULL,NULL,NULL,NULL,'',55,28),(20180009,'Metodología de la Investigación Aplicada al Negocio Minero I',1,'2018','2018-1','C1',NULL,NULL,NULL,NULL,NULL,'',47,26),(20180010,'Seminario de Investigación I',1,'2017','2018-1','C3',NULL,NULL,NULL,NULL,NULL,'',102,28),(20180011,'Tópicos Avanzados de Finanzas Relevantes para las Empresas Mineras',1,'2017','2018-1','C3',NULL,NULL,NULL,NULL,NULL,'',36,13),(20180012,'Comercialización y Logística del Negocio Minero',1,'2018','2018-2','C2',NULL,NULL,NULL,NULL,NULL,'',38,25),(20180013,'Gerencia de Operaciones y Proyectos Mineros I',1,'2018','2018-2','C2',NULL,NULL,NULL,NULL,NULL,'',54,25),(20180014,'Gerencia Estratégica de Empresas Mineras y Simulación de Negocios (SGM) I',1,'2018','2018-2','C2',NULL,NULL,NULL,NULL,NULL,'',44,25),(20180015,'Gerencia Estratégica de Empresas Mineras y Simulación de Negocios (SGM) III',1,'2017','2018-2','C4',NULL,NULL,NULL,NULL,NULL,'',44,28),(20180016,'Gerencia Financiera para el Negocio Minero',1,'2018','2018-2','C2',NULL,NULL,NULL,NULL,NULL,'',58,25),(20180017,'Gerenciamiento de Proyectos en Minería',1,'2017','2018-2','C4',NULL,NULL,NULL,NULL,NULL,'',36,27),(20180018,'Gestión de Costos en el Ciclo de Vida de una Mina',1,'2017','2018-2','C4',NULL,NULL,NULL,NULL,NULL,'',36,28),(20180019,'Laboratorio de Comunicación y Coaching I',1,'2018','2018-2','C2',NULL,NULL,NULL,NULL,NULL,'',22,25),(20180020,'Laboratorio de Comunicación y Coaching II',1,'2017','2018-2','C4',NULL,NULL,NULL,NULL,NULL,'',22,28),(20180021,'Metodología de la Investigación Aplicada al Negocio Minero II',1,'2018','2018-2','C2',NULL,NULL,NULL,NULL,NULL,'',47,25),(20180022,'Responsabilidad Social y Desarrollo Sostenible',1,'2017','2018-2','C4',NULL,NULL,NULL,NULL,NULL,'',62,28),(20180023,'Seminario de Investigación II',1,'2017','2018-2','C4',NULL,NULL,NULL,NULL,NULL,'',102,28),(20190001,'Comportamiento  Gestión de la Fuerza Laboral y Habilidades Gerenciales',1,'2019','2019-1','C1',NULL,NULL,NULL,NULL,NULL,'',61,25),(20190002,'Contabilidad Gerencial y Gestión de Costos para la Empresa Minera',1,'2019','2019-1','C1',NULL,NULL,NULL,NULL,NULL,'',55,25),(20190003,'Economía y Entorno para el Negocio Minero',1,'2019','2019-1','C1',NULL,NULL,NULL,NULL,NULL,'',56,25),(20190004,'Estadística e Investigación de Operaciones Aplicada a la Minería',1,'2019','2019-1','C1',NULL,NULL,NULL,NULL,NULL,'',46,25),(20190005,'Gerencia de Operaciones y Proyectos Mineros II',1,'2018','2019-1','C3',NULL,NULL,NULL,NULL,NULL,'',57,25),(20190006,'Gerencia Estratégica de Empresas Mineras y Simulación de Negocios (SGM) II',1,'2018','2019-1','C3',NULL,NULL,NULL,NULL,NULL,'',64,25),(20190007,'Metodología de la Investigación Aplicada al Negocio Minero I',1,'2019','2019-1','C1',NULL,NULL,NULL,NULL,NULL,'',47,25),(20190008,'Optimización de Procesos con Diseño de Experimentos',1,'2018','2019-1','C3',NULL,NULL,NULL,NULL,NULL,'',36,14),(20190009,'Responsabilidad Social y Desarrollo Sostenible',1,'2018','2019-1','C3',NULL,NULL,NULL,NULL,NULL,'',62,25),(20190010,'Seminario de Investigación I',1,'2018','2019-1','C3',NULL,NULL,NULL,NULL,NULL,'',102,25),(20190011,'Tópicos Avanzados de Finanzas Relevantes para las Empresas Mineras',1,'2018','2019-1','C3',NULL,NULL,NULL,NULL,NULL,'',36,11),(20190012,'Comercialización y Logística del Negocio Minero',1,'2019','2019-2','C2',NULL,NULL,NULL,NULL,NULL,'',38,24),(20190013,'Gerencia de Operaciones y Proyectos Mineros I',1,'2019','2019-2','C2',NULL,NULL,NULL,NULL,NULL,'',54,24),(20190014,'Gerencia Estratégica de Empresas Mineras y Simulación de Negocios (SGM) I',1,'2019','2019-2','C2',NULL,NULL,NULL,NULL,NULL,'',44,24),(20190015,'Gerencia Estratégica de Empresas Mineras y Simulación de Negocios (SGM) III',1,'2018','2019-2','C4',NULL,NULL,NULL,NULL,NULL,'',44,25),(20190016,'Gerencia Financiera para el Negocio Minero',1,'2019','2019-2','C2',NULL,NULL,NULL,NULL,NULL,'',58,24),(20190017,'Gerenciamiento de Proyectos en Minería',1,'2018','2019-2','C4',NULL,NULL,NULL,NULL,NULL,'',36,25),(20190018,'Gestión Ambiental  Salud y Seguridad en el Negocio Minero',1,'2018','2019-2','C4',NULL,NULL,NULL,NULL,NULL,'',55,25),(20190019,'Gestión de Costos en el Ciclo de Vida de una Mina',1,'2018','2019-2','C4',NULL,NULL,NULL,NULL,NULL,'',36,25),(20190020,'Laboratorio de Comunicación y Coaching I',1,'2019','2019-2','C2',NULL,NULL,NULL,NULL,NULL,'',22,24),(20190021,'Laboratorio de Comunicación y Coaching II',1,'2018','2019-2','C4',NULL,NULL,NULL,NULL,NULL,'',22,25),(20190022,'Metodología de la Investigación Aplicada al Negocio Minero II',1,'2019','2019-2','C2',NULL,NULL,NULL,NULL,NULL,'',47,24),(20190023,'Seminario de Investigación II',1,'2018','2019-2','C4',NULL,NULL,NULL,NULL,NULL,'',102,25),(20200001,'Comportamiento  Gestión de la Fuerza Laboral y Habilidades Gerenciales',1,'2020','2020-1','C1',NULL,NULL,NULL,NULL,NULL,'',61,20),(20200002,'Contabilidad Gerencial y Gestión de Costos para la Empresa Minera',1,'2020','2020-1','C1',NULL,NULL,NULL,NULL,NULL,'',55,20),(20200003,'Economía y Entorno para el Negocio Minero',1,'2020','2020-1','C1',NULL,NULL,NULL,NULL,NULL,'',56,20),(20200004,'Estadística e Investigación de Operaciones Aplicada a la Minería',1,'2020','2020-1','C1',NULL,NULL,NULL,NULL,NULL,'',46,20),(20200005,'Gerencia de Operaciones y Proyectos Mineros II',1,'2019','2020-1','C3',NULL,NULL,NULL,NULL,NULL,'',57,25),(20200006,'Gerencia Estratégica de Empresas Mineras y Simulación de Negocios (SGM) II',1,'2019','2020-1','C3',NULL,NULL,NULL,NULL,NULL,'',64,25),(20200007,'Metodología de la Investigación Aplicada al Negocio Minero I',1,'2020','2020-1','C1',NULL,NULL,NULL,NULL,NULL,'',47,20),(20200008,'Optimización de Procesos con Diseño de Experimentos',1,'2019','2020-1','C3',NULL,NULL,NULL,NULL,NULL,'',36,25),(20200009,'Responsabilidad Social y Desarrollo Sostenible',1,'2019','2020-1','C3',NULL,NULL,NULL,NULL,NULL,'',62,25),(20200010,'Seminario de Investigación I',1,'2019','2020-1','C3',NULL,NULL,NULL,NULL,NULL,'',102,25),(20200011,'Gestión Ambiental  Salud y Seguridad en el Negocio Minero',1,'2019','2020-2','C4',NULL,NULL,NULL,NULL,NULL,'',55,25),(20200012,'Gestión de Costos en el Ciclo de Vida de una Mina',1,'2019','2020-2','C4',NULL,NULL,NULL,NULL,NULL,'',36,25),(20200013,'Laboratorio de Comunicación y Coaching II',1,'2019','2020-2','C4',NULL,NULL,NULL,NULL,NULL,'',22,25),(20200014,'Seminario de Investigación II',1,'2019','2020-2','C4',NULL,NULL,NULL,NULL,NULL,'',102,25),(20200015,'Tópicos Avanzados de Finanzas Relevantes para las Empresas Mineras',1,'2019','2020-2','C4',NULL,NULL,NULL,NULL,NULL,'',36,25),(20200016,'C2_Comercialización y Logística del Negocio Minero',1,'2020','2020-2','C2',NULL,NULL,NULL,NULL,NULL,'',38,17),(20200017,'C2_Gerencia de Operaciones y Proyectos Mineros I',1,'2020','2020-2','C2',NULL,NULL,NULL,NULL,NULL,'',54,17),(20200018,'C2_Gerencia Estratégica de Empresas Mineras y Simulación de Negocios (SGM) I',1,'2020','2020-2','C2',NULL,NULL,NULL,NULL,NULL,'',44,17),(20200019,'Gerencia Estratégica de Empresas Mineras y Simulación de Negocios (SGM) III',1,'2019','2020-2','C4',NULL,NULL,NULL,NULL,NULL,'',44,25),(20200020,'C2_Gerencia Financiera para el Negocio Minero',1,'2020','2020-2','C2',NULL,NULL,NULL,NULL,NULL,'',58,17),(20200021,'C2_Laboratorio de Comunicación y Coaching I',1,'2020','2020-2','C2',NULL,NULL,NULL,NULL,NULL,'',22,17),(20200022,'C2_Metodología de la Investigación Aplicada al Negocio Minero II',1,'2020','2020-2','C2',NULL,NULL,NULL,NULL,NULL,'',47,17),(20210001,'Comportamiento  gestión de la fuerza laboral y desarrollo de habilidades gerenciales para la minería',1,'2021','2021-1','C1',NULL,NULL,NULL,NULL,NULL,'',61,24),(20210002,'Contabilidad Gerencial y Gestión de Costos para la Empresa Minera',1,'2021','2021-1','C1',NULL,NULL,NULL,NULL,NULL,'',55,24),(20210003,'Economía y Entorno para el Negocio Minero',1,'2021','2021-1','C1',NULL,NULL,NULL,NULL,NULL,'',56,24),(20210004,'Estadística e Investigación de Operaciones Aplicada a la Minería',1,'2021','2021-1','C1',NULL,NULL,NULL,NULL,NULL,'',46,24),(20210005,'Evaluación de Proyectos Mineros y Geológicos',1,'2020','2021-1','C3',NULL,NULL,NULL,NULL,NULL,'',36,17),(20210006,'Gerencia de Operaciones y Proyectos Mineros II',1,'2020','2021-1','C3',NULL,NULL,NULL,NULL,NULL,'',57,17),(20210007,'Gerencia Estratégica de Empresas Mineras y Simulación de Negocios (SGM) II',1,'2020','2021-1','C3',NULL,NULL,NULL,NULL,NULL,'',44,17),(20210008,'Metodología de la Investigación Aplicada al Negocio Minero I',1,'2021','2021-1','C1',NULL,NULL,NULL,NULL,NULL,'',47,24),(20210009,'Responsabilidad Social y Desarrollo Sostenible',1,'2020','2021-1','C3',NULL,NULL,NULL,NULL,NULL,'',62,17),(20210010,'Seminario de Investigación I',1,'2020','2021-1','C3',NULL,NULL,NULL,NULL,NULL,'',102,17),(20210011,'Comercialización y Logística del Negocio Minero',1,'2021','2021-2','C2',NULL,NULL,NULL,NULL,NULL,'',38,21),(20210012,'Gerencia de Operaciones y Proyectos Mineros I',1,'2021','2021-2','C2',NULL,NULL,NULL,NULL,NULL,'',54,21),(20210013,'Gerencia Estratégica de Empresas Mineras y Simulación de Negocios (SGM) I',1,'2021','2021-2','C2',NULL,NULL,NULL,NULL,NULL,'',44,21),(20210014,'Gerencia Estratégica de Empresas Mineras y Simulación de Negocios (SGM) III',1,'2020','2021-2','C4',NULL,NULL,NULL,NULL,NULL,'',44,17),(20210015,'Gerencia Financiera para el Negocio Minero',1,'2021','2021-2','C2',NULL,NULL,NULL,NULL,NULL,'',58,21),(20210016,'Gestión Ambiental  Salud y Seguridad en el Negocio Minero',1,'2020','2021-2','C4',NULL,NULL,NULL,NULL,NULL,'',55,17),(20210017,'Gestión de Costos en el Ciclo de Vida de una Mina',1,'2020','2021-2','C4',NULL,NULL,NULL,NULL,NULL,'',36,17),(20210018,'Laboratorio de Comunicación y Coaching I',1,'2021','2021-2','C2',NULL,NULL,NULL,NULL,NULL,'',22,21),(20210019,'Laboratorio de Comunicación y Coaching II',1,'2020','2021-2','C4',NULL,NULL,NULL,NULL,NULL,'',22,17),(20210020,'Metodología de la Investigación Aplicada al Negocio Minero II',1,'2021','2021-2','C2',NULL,NULL,NULL,NULL,NULL,'',47,21),(20210021,'Seminario de Investigación II',1,'2020','2021-2','C4',NULL,NULL,NULL,NULL,NULL,'',102,17),(20210022,'Tópicos Avanzados de Finanzas Relevantes para las Empresas Mineras',1,'2020','2021-2','C4',NULL,NULL,NULL,NULL,NULL,'',36,17),(20220001,'Comportamiento Gestión de la fuerza laboral y desarrollo de habilidades gerenciales para la minería',1,'2022','2022-1','C1',NULL,NULL,NULL,NULL,NULL,'Archivado',61,21),(20220002,'Contabilidad Gerencial y Gestión de Costos para la Empresa Minera',1,'2022','2022-1','C1',NULL,NULL,NULL,NULL,NULL,'Archivado',55,22),(20220003,'Economía y Entorno para el Negocio Minero',1,'2022','2022-1','C1',NULL,NULL,NULL,NULL,NULL,'Archivado',56,22),(20220004,'Estadística e Investigación de Operaciones aplicada a la minería',1,'2022','2022-1','C1',NULL,NULL,NULL,NULL,NULL,'Archivado',46,23),(20220005,'Evaluación de Proyectos Mineros y Geológicos',1,'2021','2022-1','C3',NULL,NULL,NULL,NULL,NULL,'Archivado',36,21),(20220006,'Gerencia de Operaciones y Proyectos Mineros II',1,'2021','2022-1','C3',NULL,NULL,NULL,NULL,NULL,'Archivado',57,21),(20220007,'Gerencia Estratégica de Empresas Mineras y Simulación de Negocios (SGM) II',1,'2021','2022-1','C3',NULL,NULL,NULL,NULL,NULL,'Archivado',44,21),(20220008,'Metodología de la Investigación aplicada al negocio minero I',1,'2022','2022-1','C1',NULL,NULL,NULL,NULL,NULL,'Archivado',47,21),(20220009,'Responsabilidad Social y Desarrollo Sostenible',1,'2021','2022-1','C3',NULL,NULL,NULL,NULL,NULL,'Archivado',62,21),(20220010,'Seminario de Investigación I',1,'2021','2022-1','C3',NULL,NULL,NULL,NULL,NULL,'Archivado',102,21),(20220011,'Comercialización y Logística del Negocio Minero',1,'2022','2022-2','C2',NULL,NULL,NULL,NULL,NULL,'Abierto',38,26),(20220012,'Laboratorio de Comunicación y Coaching II',1,'2021','2022-2','C4',NULL,NULL,NULL,NULL,NULL,'Abierto',22,26),(20220013,'Gerencia de Operaciones y Proyectos Mineros I',1,'2022','2022-2','C2',NULL,NULL,NULL,NULL,NULL,'Abierto',54,25),(20220014,'Gerencia Estratégica de Empresas Mineras y Simulación de Negocios (SGM) I',1,'2022','2022-2','C2',NULL,NULL,NULL,NULL,NULL,'Abierto',44,26),(20220015,'Gerencia Financiera para el Negocio Minero',1,'2022','2022-2','C2',NULL,NULL,NULL,NULL,NULL,'Abierto',58,25),(20220016,'Metodología de la Investigación Aplicada al Negocio Minero II',1,'2022','2022-2','C2',NULL,NULL,NULL,NULL,NULL,'Abierto',47,25),(20220017,'Gerencia Estratégica de Empresas Mineras y Simulación de Negocios (SGM) III',1,'2021','2022-2','C4',NULL,NULL,NULL,NULL,NULL,'Abierto',44,18),(20220018,'Gestión Ambiental  Salud y Seguridad en el Negocio Minero',1,'2021','2022-2','C4',NULL,NULL,NULL,NULL,NULL,'Abierto',55,18),(20220019,'Gestión de Costos en el Ciclo de Vida de una Mina',1,'2021','2022-2','C4',NULL,NULL,NULL,NULL,NULL,'Abierto',36,18),(20220020,'Laboratorio de Comunicación y Coaching II',1,'2022','2022-2','C2',NULL,NULL,NULL,NULL,NULL,'Abierto',22,18),(20220021,'Seminario de Investigación II',1,'2021','2022-2','C4',NULL,NULL,NULL,NULL,NULL,'Abierto',102,19),(20220022,'Tópicos Avanzados de Finanzas Relevantes para las Empresas Mineras',1,'2021','2022-2','C4',NULL,NULL,NULL,NULL,NULL,'Abierto',36,18);
/*!40000 ALTER TABLE `Curso` ENABLE KEYS */;
UNLOCK TABLES;

--
-- Table structure for table `Curso_Docente`
--

DROP TABLE IF EXISTS `Curso_Docente`;
/*!40101 SET @saved_cs_client     = @@character_set_client */;
/*!50503 SET character_set_client = utf8mb4 */;
CREATE TABLE `Curso_Docente` (
  `id_curso` int DEFAULT NULL,
  `id_docente` int DEFAULT NULL,
  `CD_Fecha` date DEFAULT NULL,
  `CD_Tipo_Docente` varchar(10) DEFAULT NULL,
  `CD_Tipo_Curso` varchar(10) DEFAULT NULL,
  `CD_Meet_Total` float DEFAULT NULL,
  `CD_Meet_Activo` float DEFAULT NULL,
  `CD_Meet_Porc` float DEFAULT NULL,
  `CD_Moodle_Total` float DEFAULT NULL,
  `CD_Moodle_ACtivo` float DEFAULT NULL,
  `CD_Moodle_Porc` float DEFAULT NULL,
  `CD_Moodle_Presentacion` float DEFAULT NULL,
  `CD_Moodle_Presen_Porc` float DEFAULT NULL,
  `CD_Asistencia_Total` int DEFAULT NULL,
  `CD_Inasistencia` int DEFAULT NULL,
  `CD_Inasistencia_Porc` float DEFAULT NULL,
  `CD_Promedio` float DEFAULT NULL,
  KEY `id_curso` (`id_curso`),
  KEY `id_docente` (`id_docente`)
) ENGINE=InnoDB DEFAULT CHARSET=utf8mb3;
/*!40101 SET character_set_client = @saved_cs_client */;

--
-- Dumping data for table `Curso_Docente`
--

LOCK TABLES `Curso_Docente` WRITE;
/*!40000 ALTER TABLE `Curso_Docente` DISABLE KEYS */;
INSERT INTO `Curso_Docente` VALUES (20160001,8385054,NULL,NULL,NULL,NULL,NULL,NULL,NULL,NULL,NULL,NULL,NULL,NULL,NULL,NULL,NULL),(20160002,8799993,NULL,NULL,NULL,NULL,NULL,NULL,NULL,NULL,NULL,NULL,NULL,NULL,NULL,NULL,NULL),(20160003,8799993,NULL,NULL,NULL,NULL,NULL,NULL,NULL,NULL,NULL,NULL,NULL,NULL,NULL,NULL,NULL),(20160004,10602720,NULL,NULL,NULL,NULL,NULL,NULL,NULL,NULL,NULL,NULL,NULL,NULL,NULL,NULL,NULL),(20160005,8385054,NULL,NULL,NULL,NULL,NULL,NULL,NULL,NULL,NULL,NULL,NULL,NULL,NULL,NULL,NULL),(20160006,29272792,NULL,NULL,NULL,NULL,NULL,NULL,NULL,NULL,NULL,NULL,NULL,NULL,NULL,NULL,NULL),(20160007,7936278,NULL,NULL,NULL,NULL,NULL,NULL,NULL,NULL,NULL,NULL,NULL,NULL,NULL,NULL,NULL),(20160008,10224222,NULL,NULL,NULL,NULL,NULL,NULL,NULL,NULL,NULL,NULL,NULL,NULL,NULL,NULL,NULL),(20160009,8799993,NULL,NULL,NULL,NULL,NULL,NULL,NULL,NULL,NULL,NULL,NULL,NULL,NULL,NULL,NULL),(20160010,10061772,NULL,NULL,NULL,NULL,NULL,NULL,NULL,NULL,NULL,NULL,NULL,NULL,NULL,NULL,NULL),(20160011,8385054,NULL,NULL,NULL,NULL,NULL,NULL,NULL,NULL,NULL,NULL,NULL,NULL,NULL,NULL,NULL),(20170001,8385054,NULL,NULL,NULL,NULL,NULL,NULL,NULL,NULL,NULL,NULL,NULL,NULL,NULL,NULL,NULL),(20170002,8385054,NULL,NULL,NULL,NULL,NULL,NULL,NULL,NULL,NULL,NULL,NULL,NULL,NULL,NULL,NULL),(20170003,8799993,NULL,NULL,NULL,NULL,NULL,NULL,NULL,NULL,NULL,NULL,NULL,NULL,NULL,NULL,NULL),(20170004,8799993,NULL,NULL,NULL,NULL,NULL,NULL,NULL,NULL,NULL,NULL,NULL,NULL,NULL,NULL,NULL),(20170005,10602720,NULL,NULL,NULL,NULL,NULL,NULL,NULL,NULL,NULL,NULL,NULL,NULL,NULL,NULL,NULL),(20170006,9997663,NULL,NULL,NULL,NULL,NULL,NULL,NULL,NULL,NULL,NULL,NULL,NULL,NULL,NULL,NULL),(20170007,10224222,NULL,NULL,NULL,NULL,NULL,NULL,NULL,NULL,NULL,NULL,NULL,NULL,NULL,NULL,NULL),(20170008,10263005,NULL,NULL,NULL,NULL,NULL,NULL,NULL,NULL,NULL,NULL,NULL,NULL,NULL,NULL,NULL),(20170009,10061772,NULL,NULL,NULL,NULL,NULL,NULL,NULL,NULL,NULL,NULL,NULL,NULL,NULL,NULL,NULL),(20170010,8385054,NULL,NULL,NULL,NULL,NULL,NULL,NULL,NULL,NULL,NULL,NULL,NULL,NULL,NULL,NULL),(20170011,8385054,NULL,NULL,NULL,NULL,NULL,NULL,NULL,NULL,NULL,NULL,NULL,NULL,NULL,NULL,NULL),(20170012,29272792,NULL,NULL,NULL,NULL,NULL,NULL,NULL,NULL,NULL,NULL,NULL,NULL,NULL,NULL,NULL),(20170013,7181251,NULL,NULL,NULL,NULL,NULL,NULL,NULL,NULL,NULL,NULL,NULL,NULL,NULL,NULL,NULL),(20170014,7936278,NULL,NULL,NULL,NULL,NULL,NULL,NULL,NULL,NULL,NULL,NULL,NULL,NULL,NULL,NULL),(20170015,10224222,NULL,NULL,NULL,NULL,NULL,NULL,NULL,NULL,NULL,NULL,NULL,NULL,NULL,NULL,NULL),(20170016,10224222,NULL,NULL,NULL,NULL,NULL,NULL,NULL,NULL,NULL,NULL,NULL,NULL,NULL,NULL,NULL),(20170017,8799993,NULL,NULL,NULL,NULL,NULL,NULL,NULL,NULL,NULL,NULL,NULL,NULL,NULL,NULL,NULL),(20170018,4742841,NULL,NULL,NULL,NULL,NULL,NULL,NULL,NULL,NULL,NULL,NULL,NULL,NULL,NULL,NULL),(20170019,10061772,NULL,NULL,NULL,NULL,NULL,NULL,NULL,NULL,NULL,NULL,NULL,NULL,NULL,NULL,NULL),(20170020,8385341,NULL,NULL,NULL,NULL,NULL,NULL,NULL,NULL,NULL,NULL,NULL,NULL,NULL,NULL,NULL),(20170021,8385054,NULL,NULL,NULL,NULL,NULL,NULL,NULL,NULL,NULL,NULL,NULL,NULL,NULL,NULL,NULL),(20170023,8385054,NULL,NULL,NULL,NULL,NULL,NULL,NULL,NULL,NULL,NULL,NULL,NULL,NULL,NULL,NULL),(20170024,8385054,NULL,NULL,NULL,NULL,NULL,NULL,NULL,NULL,NULL,NULL,NULL,NULL,NULL,NULL,NULL),(20180001,8385054,NULL,NULL,NULL,NULL,NULL,NULL,NULL,NULL,NULL,NULL,NULL,NULL,NULL,NULL,NULL),(20180002,8799993,NULL,NULL,NULL,NULL,NULL,NULL,NULL,NULL,NULL,NULL,NULL,NULL,NULL,NULL,NULL),(20180003,8799993,NULL,NULL,NULL,NULL,NULL,NULL,NULL,NULL,NULL,NULL,NULL,NULL,NULL,NULL,NULL),(20180005,10602720,NULL,NULL,NULL,NULL,NULL,NULL,NULL,NULL,NULL,NULL,NULL,NULL,NULL,NULL,NULL),(20180006,9997663,NULL,NULL,NULL,NULL,NULL,NULL,NULL,NULL,NULL,NULL,NULL,NULL,NULL,NULL,NULL),(20180007,10224222,NULL,NULL,NULL,NULL,NULL,NULL,NULL,NULL,NULL,NULL,NULL,NULL,NULL,NULL,NULL),(20180008,8435931,NULL,NULL,NULL,NULL,NULL,NULL,NULL,NULL,NULL,NULL,NULL,NULL,NULL,NULL,NULL),(20180009,8385054,NULL,NULL,NULL,NULL,NULL,NULL,NULL,NULL,NULL,NULL,NULL,NULL,NULL,NULL,NULL),(20180010,8385054,NULL,NULL,NULL,NULL,NULL,NULL,NULL,NULL,NULL,NULL,NULL,NULL,NULL,NULL,NULL),(20180011,8799993,NULL,NULL,NULL,NULL,NULL,NULL,NULL,NULL,NULL,NULL,NULL,NULL,NULL,NULL,NULL),(20180012,10602720,NULL,NULL,NULL,NULL,NULL,NULL,NULL,NULL,NULL,NULL,NULL,NULL,NULL,NULL,NULL),(20180013,7936278,NULL,NULL,NULL,NULL,NULL,NULL,NULL,NULL,NULL,NULL,NULL,NULL,NULL,NULL,NULL),(20180014,10224222,NULL,NULL,NULL,NULL,NULL,NULL,NULL,NULL,NULL,NULL,NULL,NULL,NULL,NULL,NULL),(20180015,10224222,NULL,NULL,NULL,NULL,NULL,NULL,NULL,NULL,NULL,NULL,NULL,NULL,NULL,NULL,NULL),(20180016,8799993,NULL,NULL,NULL,NULL,NULL,NULL,NULL,NULL,NULL,NULL,NULL,NULL,NULL,NULL,NULL),(20180017,10263005,NULL,NULL,NULL,NULL,NULL,NULL,NULL,NULL,NULL,NULL,NULL,NULL,NULL,NULL,NULL),(20180018,4742841,NULL,NULL,NULL,NULL,NULL,NULL,NULL,NULL,NULL,NULL,NULL,NULL,NULL,NULL,NULL),(20180019,8385341,NULL,NULL,NULL,NULL,NULL,NULL,NULL,NULL,NULL,NULL,NULL,NULL,NULL,NULL,NULL),(20180020,10061772,NULL,NULL,NULL,NULL,NULL,NULL,NULL,NULL,NULL,NULL,NULL,NULL,NULL,NULL,NULL),(20180021,8385054,NULL,NULL,NULL,NULL,NULL,NULL,NULL,NULL,NULL,NULL,NULL,NULL,NULL,NULL,NULL),(20180022,8385054,NULL,NULL,NULL,NULL,NULL,NULL,NULL,NULL,NULL,NULL,NULL,NULL,NULL,NULL,NULL),(20180023,8385054,NULL,NULL,NULL,NULL,NULL,NULL,NULL,NULL,NULL,NULL,NULL,NULL,NULL,NULL,NULL),(20190001,8385054,NULL,NULL,NULL,NULL,NULL,NULL,NULL,NULL,NULL,NULL,NULL,NULL,NULL,NULL,NULL),(20190002,8799993,NULL,NULL,NULL,NULL,NULL,NULL,NULL,NULL,NULL,NULL,NULL,NULL,NULL,NULL,NULL),(20190003,8799993,NULL,NULL,NULL,NULL,NULL,NULL,NULL,NULL,NULL,NULL,NULL,NULL,NULL,NULL,NULL),(20190004,10602720,NULL,NULL,NULL,NULL,NULL,NULL,NULL,NULL,NULL,NULL,NULL,NULL,NULL,NULL,NULL),(20190005,9997663,NULL,NULL,NULL,NULL,NULL,NULL,NULL,NULL,NULL,NULL,NULL,NULL,NULL,NULL,NULL),(20190006,10224222,NULL,NULL,NULL,NULL,NULL,NULL,NULL,NULL,NULL,NULL,NULL,NULL,NULL,NULL,NULL),(20190007,8385054,NULL,NULL,NULL,NULL,NULL,NULL,NULL,NULL,NULL,NULL,NULL,NULL,NULL,NULL,NULL),(20190008,9876822,NULL,NULL,NULL,NULL,NULL,NULL,NULL,NULL,NULL,NULL,NULL,NULL,NULL,NULL,NULL),(20190009,8385054,NULL,NULL,NULL,NULL,NULL,NULL,NULL,NULL,NULL,NULL,NULL,NULL,NULL,NULL,NULL),(20190010,8385054,NULL,NULL,NULL,NULL,NULL,NULL,NULL,NULL,NULL,NULL,NULL,NULL,NULL,NULL,NULL),(20190011,8799993,NULL,NULL,NULL,NULL,NULL,NULL,NULL,NULL,NULL,NULL,NULL,NULL,NULL,NULL,NULL),(20190012,10602720,NULL,NULL,NULL,NULL,NULL,NULL,NULL,NULL,NULL,NULL,NULL,NULL,NULL,NULL,NULL),(20190013,7936278,NULL,NULL,NULL,NULL,NULL,NULL,NULL,NULL,NULL,NULL,NULL,NULL,NULL,NULL,NULL),(20190014,10224222,NULL,NULL,NULL,NULL,NULL,NULL,NULL,NULL,NULL,NULL,NULL,NULL,NULL,NULL,NULL),(20190015,10224222,NULL,NULL,NULL,NULL,NULL,NULL,NULL,NULL,NULL,NULL,NULL,NULL,NULL,NULL,NULL),(20190016,8799993,NULL,NULL,NULL,NULL,NULL,NULL,NULL,NULL,NULL,NULL,NULL,NULL,NULL,NULL,NULL),(20190017,10263005,NULL,NULL,NULL,NULL,NULL,NULL,NULL,NULL,NULL,NULL,NULL,NULL,NULL,NULL,NULL),(20190018,8435931,NULL,NULL,NULL,NULL,NULL,NULL,NULL,NULL,NULL,NULL,NULL,NULL,NULL,NULL,NULL),(20190019,4742841,NULL,NULL,NULL,NULL,NULL,NULL,NULL,NULL,NULL,NULL,NULL,NULL,NULL,NULL,NULL),(20190020,8385341,NULL,NULL,NULL,NULL,NULL,NULL,NULL,NULL,NULL,NULL,NULL,NULL,NULL,NULL,NULL),(20190021,10061772,NULL,NULL,NULL,NULL,NULL,NULL,NULL,NULL,NULL,NULL,NULL,NULL,NULL,NULL,NULL),(20190022,8385054,NULL,NULL,NULL,NULL,NULL,NULL,NULL,NULL,NULL,NULL,NULL,NULL,NULL,NULL,NULL),(20190023,8385054,NULL,NULL,NULL,NULL,NULL,NULL,NULL,NULL,NULL,NULL,NULL,NULL,NULL,NULL,NULL),(20200001,8385054,NULL,NULL,NULL,NULL,NULL,NULL,NULL,NULL,NULL,NULL,NULL,NULL,NULL,NULL,NULL),(20200002,7436026,NULL,NULL,NULL,NULL,NULL,NULL,NULL,NULL,NULL,NULL,NULL,NULL,NULL,NULL,NULL),(20200003,10602720,NULL,NULL,NULL,NULL,NULL,NULL,NULL,NULL,NULL,NULL,NULL,NULL,NULL,NULL,NULL),(20200004,10602720,NULL,NULL,NULL,NULL,NULL,NULL,NULL,NULL,NULL,NULL,NULL,NULL,NULL,NULL,NULL),(20200005,9997663,NULL,NULL,NULL,NULL,NULL,NULL,NULL,NULL,NULL,NULL,NULL,NULL,NULL,NULL,NULL),(20200006,10224222,NULL,NULL,NULL,NULL,NULL,NULL,NULL,NULL,NULL,NULL,NULL,NULL,NULL,NULL,NULL),(20200007,9538048,NULL,NULL,NULL,NULL,NULL,NULL,NULL,NULL,NULL,NULL,NULL,NULL,NULL,NULL,NULL),(20200008,9876822,NULL,NULL,NULL,NULL,NULL,NULL,NULL,NULL,NULL,NULL,NULL,NULL,NULL,NULL,NULL),(20200009,8385054,NULL,NULL,NULL,NULL,NULL,NULL,NULL,NULL,NULL,NULL,NULL,NULL,NULL,NULL,NULL),(20200010,8385054,NULL,NULL,NULL,NULL,NULL,NULL,NULL,NULL,NULL,NULL,NULL,NULL,NULL,NULL,NULL),(20200011,8435931,NULL,NULL,NULL,NULL,NULL,NULL,NULL,NULL,NULL,NULL,NULL,NULL,NULL,NULL,NULL),(20200012,4742841,NULL,NULL,NULL,NULL,NULL,NULL,NULL,NULL,NULL,NULL,NULL,NULL,NULL,NULL,NULL),(20200013,8385341,NULL,NULL,NULL,NULL,NULL,NULL,NULL,NULL,NULL,NULL,NULL,NULL,NULL,NULL,NULL),(20200014,8385054,NULL,NULL,NULL,NULL,NULL,NULL,NULL,NULL,NULL,NULL,NULL,NULL,NULL,NULL,NULL),(20200015,8799993,NULL,NULL,NULL,NULL,NULL,NULL,NULL,NULL,NULL,NULL,NULL,NULL,NULL,NULL,NULL),(20200016,10602720,NULL,NULL,NULL,NULL,NULL,NULL,NULL,NULL,NULL,NULL,NULL,NULL,NULL,NULL,NULL),(20200017,7936278,NULL,NULL,NULL,NULL,NULL,NULL,NULL,NULL,NULL,NULL,NULL,NULL,NULL,NULL,NULL),(20200018,10224222,NULL,NULL,NULL,NULL,NULL,NULL,NULL,NULL,NULL,NULL,NULL,NULL,NULL,NULL,NULL),(20200019,10224222,NULL,NULL,NULL,NULL,NULL,NULL,NULL,NULL,NULL,NULL,NULL,NULL,NULL,NULL,NULL),(20200020,8799993,NULL,NULL,NULL,NULL,NULL,NULL,NULL,NULL,NULL,NULL,NULL,NULL,NULL,NULL,NULL),(20200021,10061772,NULL,NULL,NULL,NULL,NULL,NULL,NULL,NULL,NULL,NULL,NULL,NULL,NULL,NULL,NULL),(20200022,9538048,NULL,NULL,NULL,NULL,NULL,NULL,NULL,NULL,NULL,NULL,NULL,NULL,NULL,NULL,NULL),(20210001,8385341,NULL,NULL,NULL,NULL,NULL,NULL,NULL,NULL,NULL,NULL,NULL,NULL,NULL,NULL,NULL),(20210002,7436026,NULL,NULL,NULL,NULL,NULL,NULL,NULL,NULL,NULL,NULL,NULL,NULL,NULL,NULL,NULL),(20210003,8799993,NULL,NULL,NULL,NULL,NULL,NULL,NULL,NULL,NULL,NULL,NULL,NULL,NULL,NULL,NULL),(20210004,10602720,NULL,NULL,NULL,NULL,NULL,NULL,NULL,NULL,NULL,NULL,NULL,NULL,NULL,NULL,NULL),(20210005,7181251,NULL,NULL,NULL,NULL,NULL,NULL,NULL,NULL,NULL,NULL,NULL,NULL,NULL,NULL,NULL),(20210006,9997663,NULL,NULL,NULL,NULL,NULL,NULL,NULL,NULL,NULL,NULL,NULL,NULL,NULL,NULL,NULL),(20210007,10224222,NULL,NULL,NULL,NULL,NULL,NULL,NULL,NULL,NULL,NULL,NULL,NULL,NULL,NULL,NULL),(20210008,9538048,NULL,NULL,NULL,NULL,NULL,NULL,NULL,NULL,NULL,NULL,NULL,NULL,NULL,NULL,NULL),(20210009,8385054,NULL,NULL,NULL,NULL,NULL,NULL,NULL,NULL,NULL,NULL,NULL,NULL,NULL,NULL,NULL),(20210010,9538048,NULL,NULL,NULL,NULL,NULL,NULL,NULL,NULL,NULL,NULL,NULL,NULL,NULL,NULL,NULL),(20210011,29272792,NULL,NULL,NULL,NULL,NULL,NULL,NULL,NULL,NULL,NULL,NULL,NULL,NULL,NULL,NULL),(20210012,8385341,NULL,NULL,NULL,NULL,NULL,NULL,NULL,NULL,NULL,NULL,NULL,NULL,NULL,NULL,NULL),(20210013,10224222,NULL,NULL,NULL,NULL,NULL,NULL,NULL,NULL,NULL,NULL,NULL,NULL,NULL,NULL,NULL),(20210014,10224222,NULL,NULL,NULL,NULL,NULL,NULL,NULL,NULL,NULL,NULL,NULL,NULL,NULL,NULL,NULL),(20210015,8799993,NULL,NULL,NULL,NULL,NULL,NULL,NULL,NULL,NULL,NULL,NULL,NULL,NULL,NULL,NULL),(20210016,8435931,NULL,NULL,NULL,NULL,NULL,NULL,NULL,NULL,NULL,NULL,NULL,NULL,NULL,NULL,NULL),(20210017,4742841,NULL,NULL,NULL,NULL,NULL,NULL,NULL,NULL,NULL,NULL,NULL,NULL,NULL,NULL,NULL),(20210018,8385341,NULL,NULL,NULL,NULL,NULL,NULL,NULL,NULL,NULL,NULL,NULL,NULL,NULL,NULL,NULL),(20210019,10061772,NULL,NULL,NULL,NULL,NULL,NULL,NULL,NULL,NULL,NULL,NULL,NULL,NULL,NULL,NULL),(20210020,9538048,NULL,NULL,NULL,NULL,NULL,NULL,NULL,NULL,NULL,NULL,NULL,NULL,NULL,NULL,NULL),(20210021,9538048,NULL,NULL,NULL,NULL,NULL,NULL,NULL,NULL,NULL,NULL,NULL,NULL,NULL,NULL,NULL),(20210022,8799993,NULL,NULL,NULL,NULL,NULL,NULL,NULL,NULL,NULL,NULL,NULL,NULL,NULL,NULL,NULL),(20220001,8385054,NULL,NULL,NULL,NULL,NULL,NULL,NULL,NULL,NULL,NULL,NULL,NULL,NULL,NULL,NULL),(20220002,8799993,NULL,NULL,NULL,NULL,NULL,NULL,NULL,NULL,NULL,NULL,NULL,NULL,NULL,NULL,NULL),(20220003,8799993,NULL,NULL,NULL,NULL,NULL,NULL,NULL,NULL,NULL,NULL,NULL,NULL,NULL,NULL,NULL),(20220004,10602720,NULL,NULL,NULL,NULL,NULL,NULL,NULL,NULL,NULL,NULL,NULL,NULL,NULL,NULL,NULL),(20220005,7181251,NULL,NULL,NULL,NULL,NULL,NULL,NULL,NULL,NULL,NULL,NULL,NULL,NULL,NULL,NULL),(20220006,9997663,NULL,NULL,NULL,NULL,NULL,NULL,NULL,NULL,NULL,NULL,NULL,NULL,NULL,NULL,NULL),(20220007,10224222,NULL,NULL,NULL,NULL,NULL,NULL,NULL,NULL,NULL,NULL,NULL,NULL,NULL,NULL,NULL),(20220008,9538048,NULL,NULL,NULL,NULL,NULL,NULL,NULL,NULL,NULL,NULL,NULL,NULL,NULL,NULL,NULL),(20220009,8385054,NULL,NULL,NULL,NULL,NULL,NULL,NULL,NULL,NULL,NULL,NULL,NULL,NULL,NULL,NULL),(20220010,9538048,NULL,NULL,NULL,NULL,NULL,NULL,NULL,NULL,NULL,NULL,NULL,NULL,NULL,NULL,NULL),(20220011,29272792,NULL,NULL,NULL,NULL,NULL,NULL,NULL,NULL,NULL,NULL,NULL,NULL,NULL,NULL,NULL),(20220012,8385341,NULL,NULL,NULL,NULL,NULL,NULL,NULL,NULL,NULL,NULL,NULL,NULL,NULL,NULL,NULL),(20220013,8385341,NULL,NULL,NULL,NULL,NULL,NULL,NULL,NULL,NULL,NULL,NULL,NULL,NULL,NULL,NULL),(20220014,10224222,NULL,NULL,NULL,NULL,NULL,NULL,NULL,NULL,NULL,NULL,NULL,NULL,NULL,NULL,NULL),(20220015,8799993,NULL,NULL,NULL,NULL,NULL,NULL,NULL,NULL,NULL,NULL,NULL,NULL,NULL,NULL,NULL),(20220016,9538048,NULL,NULL,NULL,NULL,NULL,NULL,NULL,NULL,NULL,NULL,NULL,NULL,NULL,NULL,NULL),(20220017,10224222,NULL,NULL,NULL,NULL,NULL,NULL,NULL,NULL,NULL,NULL,NULL,NULL,NULL,NULL,NULL),(20220018,8435931,NULL,NULL,NULL,NULL,NULL,NULL,NULL,NULL,NULL,NULL,NULL,NULL,NULL,NULL,NULL),(20220019,4742841,NULL,NULL,NULL,NULL,NULL,NULL,NULL,NULL,NULL,NULL,NULL,NULL,NULL,NULL,NULL),(20220020,10061772,NULL,NULL,NULL,NULL,NULL,NULL,NULL,NULL,NULL,NULL,NULL,NULL,NULL,NULL,NULL),(20220021,9538048,NULL,NULL,NULL,NULL,NULL,NULL,NULL,NULL,NULL,NULL,NULL,NULL,NULL,NULL,NULL),(20220022,8799993,NULL,NULL,NULL,NULL,NULL,NULL,NULL,NULL,NULL,NULL,NULL,NULL,NULL,NULL,NULL);
/*!40000 ALTER TABLE `Curso_Docente` ENABLE KEYS */;
UNLOCK TABLES;

--
-- Table structure for table `Docente`
--

DROP TABLE IF EXISTS `Docente`;
/*!40101 SET @saved_cs_client     = @@character_set_client */;
/*!50503 SET character_set_client = utf8mb4 */;
CREATE TABLE `Docente` (
  `id_docente` int NOT NULL,
  `Doc_Tipo_Documento` varchar(25) DEFAULT NULL,
  `Doc_DNI` int DEFAULT NULL,
  `Doc_Primer_Nombre` varchar(25) DEFAULT NULL,
  `Doc_Segundo_Nombre` varchar(25) DEFAULT NULL,
  `Doc_Primer_Apellido` varchar(25) DEFAULT NULL,
  `Doc_Segundo_Apellido` varchar(25) DEFAULT NULL,
  `Doc_celular` varchar(15) DEFAULT NULL,
  `Doc_Email` varchar(40) DEFAULT NULL,
  `Doc_Direccion` varchar(80) DEFAULT NULL,
  `Doc_Prov_Direccion` varchar(25) DEFAULT NULL,
  `Doc_Fech_Nac` date DEFAULT NULL,
  `Doc_Genero` varchar(25) DEFAULT NULL,
  `Doc_Prov_Nac` varchar(25) DEFAULT NULL,
  `Doc_estado` varchar(10) DEFAULT NULL,
  `Doc_Usuario` varchar(50) DEFAULT NULL,
  `Doc_codigo` int DEFAULT NULL,
  PRIMARY KEY (`id_docente`)
) ENGINE=InnoDB DEFAULT CHARSET=utf8mb3;
/*!40101 SET character_set_client = @saved_cs_client */;

--
-- Dumping data for table `Docente`
--

LOCK TABLES `Docente` WRITE;
/*!40000 ALTER TABLE `Docente` DISABLE KEYS */;
INSERT INTO `Docente` VALUES (88652,'Carnet de Extranjería',88652,'Steven','','ZZI Botts','',NULL,NULL,NULL,NULL,NULL,NULL,NULL,NULL,NULL,NULL),(505273,'DNI',505273,'Osvaldo','','ZZI Aduvire','','995825680','oaduvire@yahoo.es',NULL,NULL,NULL,'Masculino',NULL,NULL,NULL,NULL),(1037226,'DNI',1037226,'Astolfo','','ZZI Romero','',NULL,NULL,NULL,NULL,NULL,NULL,NULL,NULL,NULL,NULL),(4742841,'DNI',4742841,'Gaby','','Palacios','Valdivia','995520497','gaby.palacios@gerens.edu.pe',NULL,NULL,NULL,'Femenino',NULL,NULL,NULL,NULL),(6474643,'DNI',6474643,'Arnaldo','','ZZI León','','964 007 460','aleon@gerens.pe',NULL,NULL,NULL,'Masculino',NULL,NULL,NULL,NULL),(6773402,'DNI',6773402,'Oscar','','ZZI Pezo','','999 092 728','opezoc@yahoo.com',NULL,NULL,NULL,'Masculino',NULL,NULL,NULL,NULL),(7181251,'DNI',7181251,'Juan','Carlos','Peralta','Lizarraga','+1 786 423 9551','Jperaltalizarraga12@gmail.com',NULL,NULL,NULL,'Masculino',NULL,NULL,NULL,NULL),(7269566,'DNI',7269566,'Bertha','','ZZI Tord','','999651385','bertha.tord@gmail.com',NULL,NULL,NULL,'Femenino',NULL,NULL,NULL,NULL),(7436026,'DNI',7436026,'Luis','Felipe','Iriarte','Izaguirre','992785903','luisiriarte@convergensia.com',NULL,NULL,NULL,'Masculino',NULL,NULL,NULL,NULL),(7552852,'DNI',7552852,'Pedro','Felipe','Mendo','Cabrejos','996 704 700','pmendo@gerens.pe',NULL,NULL,NULL,'Masculino',NULL,NULL,NULL,NULL),(7840119,'DNI',7840119,'Carlos','','ZZI Alarco','','992751891','c_alarco@hotmail.com',NULL,NULL,NULL,'Masculino',NULL,NULL,NULL,NULL),(7936278,'DNI',7936278,'Roberto','','ZZI Maldonado','','994542729','rfmaldonado@outlook.com.pe',NULL,NULL,NULL,'Masculino',NULL,NULL,NULL,NULL),(8056190,'DNI',8056190,'Armando','Edilberto','Casado','Marquez','943 406 289','ecasado@gerens.pe',NULL,NULL,NULL,'Masculino',NULL,NULL,NULL,NULL),(8246006,'DNI',8246006,'Carlos','','ZZI Oviedo','','998 741 344','coviedo@gerens.pe',NULL,NULL,NULL,'Masculino',NULL,NULL,NULL,NULL),(8272003,'DNI',8272003,'Juan','','ZZI García Montufar','','964210330','juan.garcia-montufar@angloamerican.com',NULL,NULL,NULL,'Masculino',NULL,NULL,NULL,NULL),(8385054,'DNI',8385054,'Ana','Rosa','Adaniya','Guevara','998 096 766','aadaniya@gerens.pe',NULL,NULL,NULL,'Femenino',NULL,NULL,NULL,NULL),(8385341,'DNI',8385341,'Mariluz','Tomi','Adaniya','Guevara','998096867','madaniya@gerens.pe',NULL,NULL,NULL,'Femenino',NULL,NULL,NULL,NULL),(8435931,'DNI',8435931,'Ada','Ysabel','Maldonado','Félix','999975804','amaldonado@gerens.pe',NULL,NULL,NULL,'Femenino',NULL,NULL,NULL,NULL),(8799993,'DNI',8799993,'Rodrigo','Alfonso','Prialé','Zevallos','999975804','rpriale@gerens.pe',NULL,NULL,NULL,'Masculino',NULL,NULL,NULL,NULL),(9187225,'DNI',9187225,'Luis','','ZZI Egocheaga','','943970026','luis.egocheaga@gmail.com',NULL,NULL,NULL,'Masculino',NULL,NULL,NULL,NULL),(9538048,'DNI',9538048,'Max','Guillermo','Schwarz','Díaz','999924763','mschwarz@gerens.pe',NULL,NULL,NULL,'Masculino',NULL,NULL,NULL,NULL),(9876822,'DNI',9876822,'Carlos','','ZZI Torreblanca','','996570165','carlos.torreblanca@ferreyros.com.pe',NULL,NULL,NULL,'Masculino',NULL,NULL,NULL,NULL),(9997663,'DNI',9997663,'Luis','Fernando','Gala','Soldevilla','998 700 955','fernando.gala@gmail.com',NULL,NULL,NULL,'Masculino',NULL,NULL,NULL,NULL),(10061772,'DNI',10061772,'Flora','Liliana','Miyagi','Miyahira','998096869','fmiyagi@gerens.pe',NULL,NULL,NULL,'Femenino',NULL,NULL,NULL,NULL),(10224222,'DNI',10224222,'Jesus','Armando','Gallegos','Monteagudo','998096768','agallegos@gerens.pe',NULL,NULL,NULL,'Masculino',NULL,NULL,NULL,NULL),(10263005,'DNI',10263005,'Alfonso','','ZZI Nuñez','Fernández',NULL,NULL,NULL,NULL,NULL,NULL,NULL,NULL,NULL,NULL),(10317817,'DNI',10317817,'Julio','','ZZI Bonelli','','962268022','juliobonellia@yahoo.com.pe',NULL,NULL,NULL,'Masculino',NULL,NULL,NULL,NULL),(10490736,'DNI',10490736,'Victor','Esteban','Gobitz','Colchado','997 515 543','victor.gobitz@buenaventura.pe',NULL,NULL,NULL,'Masculino',NULL,NULL,NULL,NULL),(10491209,'DNI',10491209,'Kelvin','','Reyes','Pinto','996316958','kreyes@domusperu.com',NULL,NULL,NULL,'Masculino',NULL,NULL,NULL,NULL),(10602720,'DNI',10602720,'Arturo','Leonardo','Vasquez','Cordano','956 522 568','avasquez@gerens.pe',NULL,NULL,NULL,'Masculino',NULL,NULL,NULL,NULL),(29272792,'DNI',29272792,'Saúl','Dimas','Lozano','Benique','943 613 573','slozano@antamina.com',NULL,NULL,NULL,'Masculino',NULL,NULL,NULL,NULL),(29281563,'DNI',29281563,'Oswaldo','','ZZI Rondón','',NULL,NULL,NULL,NULL,NULL,NULL,NULL,NULL,NULL,NULL),(40037388,'DNI',40037388,'José','Luis','Tejeda','Sanchez','992715514','jtejeda@gerens.pe',NULL,NULL,NULL,'Masculino',NULL,NULL,NULL,NULL),(40286651,'DNI',40286651,'Tomyslav','','ZZI Drazenovic','','987 718 743','tdrazenovic@gerens.pe',NULL,NULL,NULL,'Masculino',NULL,NULL,NULL,NULL),(41385307,'DNI',41385307,'Jorge','Luis','ZZI Siesquén','',NULL,NULL,NULL,NULL,NULL,NULL,NULL,NULL,NULL,NULL),(43158590,'DNI',43158590,'Humberto','Teodosio','León','Alvan','971444740','htleonalvan@yahoo.com',NULL,NULL,NULL,'Masculino',NULL,NULL,NULL,NULL),(43753029,'DNI',43753029,'Evelyn','Edith','Contreras','Medrano','977595912','econtreras@gerens.pe',NULL,NULL,NULL,'Femenino',NULL,NULL,NULL,NULL),(546311404,'Pasaporte',546311404,'Alexandra','','ZZI Newman','',NULL,NULL,NULL,NULL,NULL,NULL,NULL,NULL,NULL,NULL),(803056336,'Pasaporte',803056336,'Graham','','ZZI Davis','',NULL,NULL,NULL,NULL,NULL,NULL,NULL,NULL,NULL,NULL);
/*!40000 ALTER TABLE `Docente` ENABLE KEYS */;
UNLOCK TABLES;

--
-- Table structure for table `Encuesta`
--

DROP TABLE IF EXISTS `Encuesta`;
/*!40101 SET @saved_cs_client     = @@character_set_client */;
/*!50503 SET character_set_client = utf8mb4 */;
CREATE TABLE `Encuesta` (
  `id_estudiante` int DEFAULT NULL,
  `id_curso` int DEFAULT NULL,
  `id_docente` int DEFAULT NULL,
  `P01` varchar(10) DEFAULT NULL,
  `P02` varchar(10) DEFAULT NULL,
  `P03` varchar(10) DEFAULT NULL,
  `P04` varchar(10) DEFAULT NULL,
  `P05` varchar(10) DEFAULT NULL,
  `P06` varchar(10) DEFAULT NULL,
  `P07` varchar(10) DEFAULT NULL,
  `P08` varchar(10) DEFAULT NULL,
  `P09` varchar(10) DEFAULT NULL,
  `P10` varchar(1000) DEFAULT NULL,
  KEY `id_estudiante` (`id_estudiante`),
  KEY `id_curso` (`id_curso`),
  KEY `id_docente` (`id_docente`)
) ENGINE=InnoDB DEFAULT CHARSET=utf8mb3;
/*!40101 SET character_set_client = @saved_cs_client */;

--
-- Dumping data for table `Encuesta`
--

LOCK TABLES `Encuesta` WRITE;
/*!40000 ALTER TABLE `Encuesta` DISABLE KEYS */;
/*!40000 ALTER TABLE `Encuesta` ENABLE KEYS */;
UNLOCK TABLES;

--
-- Table structure for table `Estudiante`
--

DROP TABLE IF EXISTS `Estudiante`;
/*!40101 SET @saved_cs_client     = @@character_set_client */;
/*!50503 SET character_set_client = utf8mb4 */;
CREATE TABLE `Estudiante` (
  `id_estudiante` int NOT NULL,
  `Est_Cod_Matricula` int DEFAULT NULL,
  `Est_Primer_Nombre` varchar(25) DEFAULT NULL,
  `Est_Segundo_Nombre` varchar(25) DEFAULT NULL,
  `Est_Primer_Apellido` varchar(25) DEFAULT NULL,
  `Est_Segundo_Apellido` varchar(25) DEFAULT NULL,
  `Est_Tipo_Documento` varchar(25) DEFAULT NULL,
  `Est_DNI` int DEFAULT NULL,
  `Est_Genero` varchar(25) DEFAULT NULL,
  `Est_Fech_Nac` date DEFAULT NULL,
  `Est_Prov_Nac` varchar(25) DEFAULT NULL,
  `Est_celular` int DEFAULT NULL,
  `Est_Email` varchar(40) DEFAULT NULL,
  `Est_Direccion` varchar(80) DEFAULT NULL,
  `Est_Prov_Direccion` varchar(25) DEFAULT NULL,
  `Est_Distrito_Direccion` varchar(25) DEFAULT NULL,
  `Est_Nivel_Formacion` varchar(25) DEFAULT NULL,
  `Est_Fecha_Matricula` date DEFAULT NULL,
  `Est_Programa_Estudio` varchar(25) DEFAULT NULL,
  `Est_Cond_Matri` varchar(25) DEFAULT NULL,
  `Est_Periodo` varchar(10) DEFAULT NULL,
  `Est_Ciclo` varchar(25) DEFAULT NULL,
  `Est_Usuario` varchar(25) DEFAULT NULL,
  `Est_Fecha_Actual` date DEFAULT NULL,
  `Est_Edad` int DEFAULT NULL,
  PRIMARY KEY (`id_estudiante`)
) ENGINE=InnoDB DEFAULT CHARSET=utf8mb3;
/*!40101 SET character_set_client = @saved_cs_client */;

--
-- Dumping data for table `Estudiante`
--

LOCK TABLES `Estudiante` WRITE;
/*!40000 ALTER TABLE `Estudiante` DISABLE KEYS */;
INSERT INTO `Estudiante` VALUES (507207,2016011012,'LOURDES','GUADALUPE','ESCOBAR','QUISPE','DNI',507207,'Femenino',NULL,NULL,NULL,'lourdesgeq@hotmail.com',NULL,NULL,NULL,NULL,NULL,NULL,NULL,NULL,NULL,NULL,NULL,NULL),(515732,2016011019,'JORGE','LUIS','MONTENEGRO','CHAVESTA','DNI',515732,'Masculino',NULL,NULL,NULL,'jlmontene@gmail.com',NULL,NULL,NULL,NULL,NULL,NULL,NULL,NULL,NULL,NULL,NULL,NULL),(775030,NULL,'MARIA','CAROLINA','CARDENAS','SANCHEZ','DNI',775030,'Femenino',NULL,NULL,NULL,NULL,NULL,NULL,NULL,NULL,NULL,NULL,NULL,NULL,NULL,NULL,NULL,NULL),(1157458,2019011012,'Oriana','Alejandra','Perez','Suarez','DNI',1157458,'Femenino',NULL,NULL,NULL,'oriana.perez.s@gerens.edu.pe',NULL,NULL,NULL,NULL,NULL,NULL,NULL,NULL,NULL,NULL,NULL,NULL),(1325477,1325477,'Jean','Paul','Bueno','Carreón','DNI',1325477,'Masculino',NULL,NULL,NULL,'jpbueno2@hotmail.com',NULL,NULL,NULL,NULL,NULL,NULL,NULL,NULL,NULL,NULL,NULL,NULL),(2406012,2017011028,'SUSANA','GLADIS','VILCA','ACHATA','DNI',2406012,'Femenino',NULL,NULL,NULL,'svilca@gmail.com',NULL,NULL,NULL,NULL,NULL,NULL,NULL,NULL,NULL,NULL,NULL,NULL),(4030543,2016011002,'TITO','','BLANCO','VICTORIO','DNI',4030543,'Masculino',NULL,NULL,NULL,'t-blancov@hotmail.com',NULL,NULL,NULL,NULL,NULL,NULL,NULL,NULL,NULL,NULL,NULL,NULL),(4042678,2016011030,'EDILBERTO','','TELADA','HUAMAN','DNI',4042678,'Masculino',NULL,NULL,NULL,'teincomin@gmail.com',NULL,NULL,NULL,NULL,NULL,NULL,NULL,NULL,NULL,NULL,NULL,NULL),(4438118,2021011024,'Juan','Edgardo','Velarde','González','DNI',4438118,'Masculino',NULL,NULL,NULL,'juan.velarde.g@gerens.edu.pe',NULL,NULL,NULL,NULL,NULL,NULL,NULL,NULL,NULL,NULL,NULL,NULL),(4744019,2017011002,'FREDDY','JHONSON','ARPASI','FLORES','DNI',4744019,'Masculino',NULL,NULL,NULL,'farpasi_f@yahoo.es',NULL,NULL,NULL,NULL,NULL,NULL,NULL,NULL,NULL,NULL,NULL,NULL),(6718279,2016011022,'CELSO','LIZARDO','PALACIOS','CARRILLO','DNI',6718279,'Masculino',NULL,NULL,NULL,'celsopalacios2013@gmail.com',NULL,NULL,NULL,NULL,NULL,NULL,NULL,NULL,NULL,NULL,NULL,NULL),(7437682,2017011023,'SIXTO','JERRY','ROSAS','ESQUIVEL','DNI',7437682,'Masculino',NULL,NULL,NULL,'jerryrosasesquivel60@gmail.com',NULL,NULL,NULL,NULL,NULL,NULL,NULL,NULL,NULL,NULL,NULL,NULL),(7464253,2022011016,'Carlos','','Montoya','Camargo','DNI',7464253,'Masculino',NULL,NULL,NULL,'carlos.montoya.c@gerens.edu.pe',NULL,NULL,NULL,NULL,NULL,NULL,NULL,NULL,NULL,NULL,NULL,NULL),(7581442,2016011037,'MARCO','ANTONIO','ZAVALA','CASTILLO','DNI',7581442,'Masculino',NULL,NULL,NULL,'mzavala@milpo.com',NULL,NULL,NULL,NULL,NULL,NULL,NULL,NULL,NULL,NULL,NULL,NULL),(8128090,2018011001,'ADOLFO','JESÚS','ANZARDO','ROMANÍ','DNI',8128090,'Masculino',NULL,NULL,NULL,'adolfo.anzardo@glencore.com.pe',NULL,NULL,NULL,NULL,NULL,NULL,NULL,NULL,NULL,NULL,NULL,NULL),(8129771,2016011034,'CARLOS','ALBERTO','VÁSQUEZ','GONZÁLES','DNI',8129771,'Masculino',NULL,NULL,NULL,'cvasquez_g@hotmail.com',NULL,NULL,NULL,NULL,NULL,NULL,NULL,NULL,NULL,NULL,NULL,NULL),(8175781,2022011005,'Jorge','Carlos','Calderón','León','DNI',8175781,'Masculino',NULL,NULL,NULL,'jorge.calderon.l@gerens.edu.pe',NULL,NULL,NULL,NULL,NULL,NULL,NULL,NULL,NULL,NULL,NULL,NULL),(8664728,2016011001,'OMAR','ROLY','ALVA','ARCE','DNI',8664728,'Masculino',NULL,NULL,NULL,'roly.alva@shahuindo.pe',NULL,NULL,NULL,NULL,NULL,NULL,NULL,NULL,NULL,NULL,NULL,NULL),(8767639,2016011026,'OSCAR','ALFREDO','RODRÍGUEZ','MUÑOZ','DNI',8767639,'Masculino',NULL,NULL,NULL,'arodriguez@svs.com.pe',NULL,NULL,NULL,NULL,NULL,NULL,NULL,NULL,NULL,NULL,NULL,NULL),(8802718,2018011015,'VICTOR','MANUEL','GUTIERREZ','MONTOYA','DNI',8802718,'Masculino',NULL,NULL,NULL,'victormagu3@gmail.com',NULL,NULL,NULL,NULL,NULL,NULL,NULL,NULL,NULL,NULL,NULL,NULL),(9442275,2016011011,'MONICA','AMPARO','DOMINGUEZ','BOCANEGRA','DNI',9442275,'Femenino',NULL,NULL,NULL,'audita2004@gmail.com',NULL,NULL,NULL,NULL,NULL,NULL,NULL,NULL,NULL,NULL,NULL,NULL),(9533154,2021011017,'Gustavo','Felipe','Ramírez','Mariluz','DNI',9533154,'Masculino',NULL,NULL,NULL,'gramirez1109@msn.com',NULL,NULL,NULL,NULL,NULL,NULL,NULL,NULL,NULL,NULL,NULL,NULL),(9536194,2019011011,'Carlos','Omar','Ovando','Vera','DNI',9536194,'Masculino',NULL,NULL,NULL,'carlos.ovando.v@gerens.edu.pe',NULL,NULL,NULL,NULL,NULL,NULL,NULL,NULL,NULL,NULL,NULL,NULL),(9789860,2016011003,'MIGUEL','ANGEL','CABALLERO','RONDÁN','DNI',9789860,'Masculino',NULL,NULL,NULL,'geocaballero@gmail.com',NULL,NULL,NULL,NULL,NULL,NULL,NULL,NULL,NULL,NULL,NULL,NULL),(9833191,2021011013,'Hanssel','Ricardo','Polanco','Valencia','DNI',9833191,'Masculino',NULL,NULL,NULL,'hanssel.polanco@gmail.com',NULL,NULL,NULL,NULL,NULL,NULL,NULL,NULL,NULL,NULL,NULL,NULL),(9898944,2017011024,'PAULO','DARWIN','TREJO','PANTOJA','DNI',9898944,'Masculino',NULL,NULL,NULL,'paulotrejo1606@gmail.com',NULL,NULL,NULL,NULL,NULL,NULL,NULL,NULL,NULL,NULL,NULL,NULL),(9969123,2018011024,'JORGE','ALBERTO','TEJADA','RODRÍGUEZ','DNI',9969123,'Masculino',NULL,NULL,NULL,'jorge15atr@hotmail.com',NULL,NULL,NULL,NULL,NULL,NULL,NULL,NULL,NULL,NULL,NULL,NULL),(10013994,2016011021,'ANDREA','TERESA','NARREA','CANGO','DNI',10013994,'Femenino',NULL,NULL,NULL,'andreanarrea@hotmail.com',NULL,NULL,NULL,NULL,NULL,NULL,NULL,NULL,NULL,NULL,NULL,NULL),(10023504,2016011038,' ILICH',' IVAN','MONTES',' FLORES','DNI',10023504,'Masculino',NULL,NULL,NULL,'ilichmontes@hotmail.com',NULL,NULL,NULL,NULL,NULL,NULL,NULL,NULL,NULL,NULL,NULL,NULL),(10074963,2017011012,'MARCO','ANTONIO','ESPINOZA','TOFENIO','DNI',10074963,'Masculino',NULL,NULL,NULL,'marcoantonio.mespinoza@gmail.com',NULL,NULL,NULL,NULL,NULL,NULL,NULL,NULL,NULL,NULL,NULL,NULL),(10147455,2022011008,'Jeisson','Neri','Del Águila','Lau Li','DNI',10147455,'Masculino',NULL,NULL,NULL,'jeisson.delaguila.l@gerens.edu.pe',NULL,NULL,NULL,NULL,NULL,NULL,NULL,NULL,NULL,NULL,NULL,NULL),(10188289,2022011021,'Abel','Alex','Zorrilla','Rios','DNI',10188289,'Masculino',NULL,NULL,NULL,'abel.zorrilla.r@gerens.edu.pe',NULL,NULL,NULL,NULL,NULL,NULL,NULL,NULL,NULL,NULL,NULL,NULL),(10272752,2021011025,'Raúl','Martín','Salcedo','Pachas','DNI',10272752,'Masculino',NULL,NULL,NULL,'rsalcedo@kolpa.com.pe',NULL,NULL,NULL,NULL,NULL,NULL,NULL,NULL,NULL,NULL,NULL,NULL),(10396094,2018011008,'MARIBEL','EDITH','CASCA','RAMOS','DNI',10396094,'Femenino',NULL,NULL,NULL,'mcasca@antamina.com',NULL,NULL,NULL,NULL,NULL,NULL,NULL,NULL,NULL,NULL,NULL,NULL),(10458789,1,'Andy','','Noe','Cruz','DNI',10458789,'Masculino',NULL,NULL,NULL,'anoe@gerens.pe',NULL,NULL,NULL,NULL,NULL,NULL,NULL,NULL,NULL,NULL,NULL,NULL),(10600048,2019011020,'Florian','Nicolas','Garcia','Carbajal','DNI',10600048,'Masculino',NULL,NULL,NULL,'florian.garcia.c@gerens.edu.pe',NULL,NULL,NULL,NULL,NULL,NULL,NULL,NULL,NULL,NULL,NULL,NULL),(10613112,10613112,'Harry','Angel','Chaca','Rosales','DNI',10613112,'Masculino',NULL,NULL,NULL,'harryangelchr@gmail.com',NULL,NULL,NULL,NULL,NULL,NULL,NULL,NULL,NULL,NULL,NULL,NULL),(10629066,10629066,'Khaled','','Luyo','Acosta','DNI',10629066,'Masculino',NULL,NULL,NULL,'khaledluyo@yahoo.com',NULL,NULL,NULL,NULL,NULL,NULL,NULL,NULL,NULL,NULL,NULL,NULL),(10635593,2021011023,'José','María','Vega','Huamán','DNI',10635593,'Masculino',NULL,NULL,NULL,'vegamine@hotmail.com',NULL,NULL,NULL,NULL,NULL,NULL,NULL,NULL,NULL,NULL,NULL,NULL),(10701721,2018011022,'EDGAR','ANDRÉS','ROQUE','ORTIZ','DNI',10701721,'Masculino',NULL,NULL,NULL,'edgar.roque@buenaventura.pe',NULL,NULL,NULL,NULL,NULL,NULL,NULL,NULL,NULL,NULL,NULL,NULL),(10705864,2018011016,'MARTHA','MARISOL','LOZANO','PALMA','DNI',10705864,'Femenino',NULL,NULL,NULL,'martha.lozano@newmont.com',NULL,NULL,NULL,NULL,NULL,NULL,NULL,NULL,NULL,NULL,NULL,NULL),(10706046,10706046,'Alex','Enrique','Huaman','Lucero','DNI',10706046,'Masculino',NULL,NULL,NULL,'ahuaman@gerens.pe',NULL,NULL,NULL,NULL,NULL,NULL,NULL,NULL,NULL,NULL,NULL,NULL),(10722572,2017011013,'HILARIO','DAMASO','GORVENIA','GORVENIA','DNI',10722572,'Masculino',NULL,NULL,NULL,'hgorvenia@yahoo.es',NULL,NULL,NULL,NULL,NULL,NULL,NULL,NULL,NULL,NULL,NULL,NULL),(10806453,2018011023,'ALFONSO','FABIÁN','SANABRIA','MERCADO','DNI',10806453,'Masculino',NULL,NULL,NULL,'alfonso.sanabria.m@gerens.edu.pe',NULL,NULL,NULL,NULL,NULL,NULL,NULL,NULL,NULL,NULL,NULL,NULL),(10809738,10809738,'Erika','Karina','Gabriel','Tuesta','DNI',10809738,'Femenino',NULL,NULL,NULL,'erika.gabriel.t@gerens.edu.pe',NULL,NULL,NULL,NULL,NULL,NULL,NULL,NULL,NULL,NULL,NULL,NULL),(11032208,2018011006,'DIXON','ELICIO','BRICEÑO','MARTINEZ','DNI',11032208,'Masculino',NULL,NULL,NULL,'debmminninge@gmail.com',NULL,NULL,NULL,NULL,NULL,NULL,NULL,NULL,NULL,NULL,NULL,NULL),(15390825,2019011014,'Adolfo','Martin','Quiroz','Tasaico','DNI',15390825,'Masculino',NULL,NULL,NULL,'mquiroz_tasaico@hotmail.com',NULL,NULL,NULL,NULL,NULL,NULL,NULL,NULL,NULL,NULL,NULL,NULL),(16630878,2017011016,'YESSICA','DEL ROCIO','JUÁREZ','HURTADO','DNI',16630878,'Femenino',NULL,NULL,NULL,'yessicajuarez@gmail.com',NULL,NULL,NULL,NULL,NULL,NULL,NULL,NULL,NULL,NULL,NULL,NULL),(16757816,2017011008,'GRISELDA','NAZARETH','CUMPA','EXEBIO','DNI',16757816,'Femenino',NULL,NULL,NULL,'gcumpaexebio@gmail.com',NULL,NULL,NULL,NULL,NULL,NULL,NULL,NULL,NULL,NULL,NULL,NULL),(17915693,2017011020,'FREDY','EFRAIN','MONTALVO','ENRIQUEZ','DNI',17915693,'Masculino',NULL,NULL,NULL,'fmontalvo_e@hotmail.com',NULL,NULL,NULL,NULL,NULL,NULL,NULL,NULL,NULL,NULL,NULL,NULL),(18201521,2018011002,'GIANCARLO','LUIS','ARCA','TORREJÓN','DNI',18201521,'Masculino',NULL,NULL,NULL,'giancarlo.arca@glencore.com.pe',NULL,NULL,NULL,NULL,NULL,NULL,NULL,NULL,NULL,NULL,NULL,NULL),(20040983,2017011029,'EDGAR','RAUL','VILLODAS','CARBAJAL','DNI',20040983,'Masculino',NULL,NULL,NULL,'edgarvillodasc@hotmail.com',NULL,NULL,NULL,NULL,NULL,NULL,NULL,NULL,NULL,NULL,NULL,NULL),(20082568,2019011005,'Sandro','Jesus','Carrion','Galindo','DNI',20082568,'Masculino',NULL,NULL,NULL,'sandro.carrion.g@gerens.edu.pe',NULL,NULL,NULL,NULL,NULL,NULL,NULL,NULL,NULL,NULL,NULL,NULL),(20107912,2021011002,'Asin','Boile','Buendía','Sulca','DNI',20107912,'Masculino',NULL,NULL,NULL,'Asbuendia@hotmail.com',NULL,NULL,NULL,NULL,NULL,NULL,NULL,NULL,NULL,NULL,NULL,NULL),(20116956,2019011009,'Juan','Edgar','Manrique','Maravi','DNI',20116956,'Masculino',NULL,NULL,NULL,'juan.manrique.m@gerens.edu.pe',NULL,NULL,NULL,NULL,NULL,NULL,NULL,NULL,NULL,NULL,NULL,NULL),(20120822,2017011004,'EREGZON','EDGAR','CANTA','CRUZ','DNI',20120822,'Masculino',NULL,NULL,NULL,'ec1962@hotmail.com',NULL,NULL,NULL,NULL,NULL,NULL,NULL,NULL,NULL,NULL,NULL,NULL),(20120979,20120979,'Gino','Rudyar','Mayta','Córdova','DNI',20120979,'Masculino',NULL,NULL,NULL,'gino_mayta@hotmail.com',NULL,NULL,NULL,NULL,NULL,NULL,NULL,NULL,NULL,NULL,NULL,NULL),(20402417,20402417,'Edgardo','','Tolentino','Rodríguez','DNI',20402417,'Masculino',NULL,NULL,NULL,'etolenr@hotmail.com',NULL,NULL,NULL,NULL,NULL,NULL,NULL,NULL,NULL,NULL,NULL,NULL),(20438073,2021011010,'Ricardo','Agripino','Manyari','Guevara','DNI',20438073,'Masculino',NULL,NULL,NULL,'ricardo.manyari.guevara@gmail.com',NULL,NULL,NULL,NULL,NULL,NULL,NULL,NULL,NULL,NULL,NULL,NULL),(21134436,2016011016,'JULIO','ENRIQUE','MARTÍNEZ','CERAS','DNI',21134436,'Masculino',NULL,NULL,NULL,'jmargeo@gmail.com',NULL,NULL,NULL,NULL,NULL,NULL,NULL,NULL,NULL,NULL,NULL,NULL),(23986687,2019011002,'Americo','','Aranguri','Alccahua','DNI',23986687,'Masculino',NULL,NULL,NULL,'americo.aranguri.a@gerens.edu.pe',NULL,NULL,NULL,NULL,NULL,NULL,NULL,NULL,NULL,NULL,NULL,NULL),(25755196,25755196,'Wesley','Dario','Ubillus','Cordova','DNI',25755196,'Masculino',NULL,NULL,NULL,'wesdar73@hotmail.com',NULL,NULL,NULL,NULL,NULL,NULL,NULL,NULL,NULL,NULL,NULL,NULL),(25844663,2019011007,'Guillermo','Elias','Condori','Ceron','DNI',25844663,'Masculino',NULL,NULL,NULL,'guillermo.condori.c@gerens.edu.pe',NULL,NULL,NULL,NULL,NULL,NULL,NULL,NULL,NULL,NULL,NULL,NULL),(25861749,2021011020,'Hans','José','Silva','Arana','DNI',25861749,'Masculino',NULL,NULL,NULL,'hsilva_arana@hotmail.com',NULL,NULL,NULL,NULL,NULL,NULL,NULL,NULL,NULL,NULL,NULL,NULL),(26717294,2017011027,'JULIO','CESAR','VELASQUEZ','MIÑAN','DNI',26717294,'Masculino',NULL,NULL,NULL,'julio.velasquez0606@gmail.com',NULL,NULL,NULL,NULL,NULL,NULL,NULL,NULL,NULL,NULL,NULL,NULL),(28219164,2018011020,'ALFREDO','','QUISPE','HERRERA','DNI',28219164,'Masculino',NULL,NULL,NULL,'aquispe75@icloud.com',NULL,NULL,NULL,NULL,NULL,NULL,NULL,NULL,NULL,NULL,NULL,NULL),(28249316,2017011003,'Juan','','Bellido','Cerda','DNI',28249316,'Masculino',NULL,NULL,NULL,'beceman@hotmail.com',NULL,NULL,NULL,NULL,NULL,NULL,NULL,NULL,NULL,NULL,NULL,NULL),(29366026,2016011029,'JAIME','CIRILO','SUAREZ','LLERENA','DNI',29366026,'Masculino',NULL,NULL,NULL,'jaimesuarez926@gmail.com',NULL,NULL,NULL,NULL,NULL,NULL,NULL,NULL,NULL,NULL,NULL,NULL),(29602041,2016011005,'JUAN','JAVIER','CANALES','QUISPE','DNI',29602041,'Masculino',NULL,NULL,NULL,'jjcanalesq@gmail.com',NULL,NULL,NULL,NULL,NULL,NULL,NULL,NULL,NULL,NULL,NULL,NULL),(29625538,2021011021,'Juan','Jaffet','Soto','Velarde','DNI',29625538,'Masculino',NULL,NULL,NULL,'jj.soto@aol.com',NULL,NULL,NULL,NULL,NULL,NULL,NULL,NULL,NULL,NULL,NULL,NULL),(29640373,2017011025,'BENJAMIN','RUBEN','VALER','CRUCES','DNI',29640373,'Masculino',NULL,NULL,NULL,'rvaler69@hotmail.com',NULL,NULL,NULL,NULL,NULL,NULL,NULL,NULL,NULL,NULL,NULL,NULL),(29649775,29649775,'Daniel','Guillermo','Paredes','Huarcaya','DNI',29649775,'Masculino',NULL,NULL,NULL,'geo.danielparedes@gmail.com',NULL,NULL,NULL,NULL,NULL,NULL,NULL,NULL,NULL,NULL,NULL,NULL),(29666291,2017011010,'JORGE','LUIS','DIAZ','PANUERA','DNI',29666291,'Masculino',NULL,NULL,NULL,'diazjl733@gmail.com',NULL,NULL,NULL,NULL,NULL,NULL,NULL,NULL,NULL,NULL,NULL,NULL),(29667730,29667730,'Jack','Steve','Cáceres','Ramos','DNI',29667730,'Masculino',NULL,NULL,NULL,'jcaceresr@hotmail.com',NULL,NULL,NULL,NULL,NULL,NULL,NULL,NULL,NULL,NULL,NULL,NULL),(31667366,31667366,'Edwin','Jaime','Gómez','Ramírez','DNI',31667366,'Masculino',NULL,NULL,NULL,'edwingomez.r@outlook.com',NULL,NULL,NULL,NULL,NULL,NULL,NULL,NULL,NULL,NULL,NULL,NULL),(31680090,2021011019,'Dante','Raúl','Salazar','Reyes','DNI',31680090,'Masculino',NULL,NULL,NULL,'danters7@hotmail.com',NULL,NULL,NULL,NULL,NULL,NULL,NULL,NULL,NULL,NULL,NULL,NULL),(32403722,2016011015,'CÉSAR','','JAQUE ','AGUAYO ','DNI',32403722,'Masculino',NULL,NULL,NULL,'cmjalu@yahoo.es',NULL,NULL,NULL,NULL,NULL,NULL,NULL,NULL,NULL,NULL,NULL,NULL),(32736269,2018011027,'VICTOR','CARLOS','VILLENA','DELGADO','DNI',32736269,'Masculino',NULL,NULL,NULL,'victor.villena.delgado@gmail.com',NULL,NULL,NULL,NULL,NULL,NULL,NULL,NULL,NULL,NULL,NULL,NULL),(32814097,2016011013,'OLIVER','HERIBERTO','GAGO','PORRAS','DNI',32814097,'Masculino',NULL,NULL,NULL,'olivergago@gmail.com',NULL,NULL,NULL,NULL,NULL,NULL,NULL,NULL,NULL,NULL,NULL,NULL),(40003570,2018011017,'HEIDER','DUVANEL','MONTOYA','ESPINOZA','DNI',40003570,'Masculino',NULL,NULL,NULL,'heider.montoya@buenaventura.pe',NULL,NULL,NULL,NULL,NULL,NULL,NULL,NULL,NULL,NULL,NULL,NULL),(40011098,2018011018,'JOSE','LUIS','PADILLA','LOPEZ','DNI',40011098,'Masculino',NULL,NULL,NULL,'jlplopez23@hotmail.com',NULL,NULL,NULL,NULL,NULL,NULL,NULL,NULL,NULL,NULL,NULL,NULL),(40029246,2019011015,'Ronald','','Rojas','Garcia','DNI',40029246,'Masculino',NULL,NULL,NULL,'ronald.rojas.g@gerens.edu.pe',NULL,NULL,NULL,NULL,NULL,NULL,NULL,NULL,NULL,NULL,NULL,NULL),(40137316,2017011006,'WILMER','JOHN','CHEJE','MAMANI','DNI',40137316,'Masculino',NULL,NULL,NULL,'wilmer.chejem@ciplima.org.pe',NULL,NULL,NULL,NULL,NULL,NULL,NULL,NULL,NULL,NULL,NULL,NULL),(40185429,2016011009,'EDWIN','VÍCTOR','COLQUE','CALISAYA','DNI',40185429,'Masculino',NULL,NULL,NULL,'edwin.colque01@gmail.com',NULL,NULL,NULL,NULL,NULL,NULL,NULL,NULL,NULL,NULL,NULL,NULL),(40229605,2019011006,'Alfonso','Manuel','Catacora','Razo','DNI',40229605,'Masculino',NULL,NULL,NULL,'malraz01@gmail.com',NULL,NULL,NULL,NULL,NULL,NULL,NULL,NULL,NULL,NULL,NULL,NULL),(40320684,2022011010,'César','Agustín','Guerra','Carpio','DNI',40320684,'Masculino',NULL,NULL,NULL,'cesar.guerra.c@gerens.edu.pe',NULL,NULL,NULL,NULL,NULL,NULL,NULL,NULL,NULL,NULL,NULL,NULL),(40346239,40346239,'José','Pablo','Mateo','Chero','DNI',40346239,'Masculino',NULL,NULL,NULL,'geomateo@gmail.com',NULL,NULL,NULL,NULL,NULL,NULL,NULL,NULL,NULL,NULL,NULL,NULL),(40385792,40385792,'Paolo','Guillermo','Fonttis','Velez','DNI',40385792,'Masculino',NULL,NULL,NULL,'pfonttis@gmail.com',NULL,NULL,NULL,NULL,NULL,NULL,NULL,NULL,NULL,NULL,NULL,NULL),(40452577,2018011009,'EFRAÍN','WALTER','CELESTINO','MINAYA','DNI',40452577,'Masculino',NULL,NULL,NULL,'ecelestino@volcan.com.pe',NULL,NULL,NULL,NULL,NULL,NULL,NULL,NULL,NULL,NULL,NULL,NULL),(40477114,2017011009,'VLADIMIR','ANDRES','DE LA CRUZ','RAMOS','DNI',40477114,'Masculino',NULL,NULL,NULL,'vladimir.delacruz.r@gmail.com',NULL,NULL,NULL,NULL,NULL,NULL,NULL,NULL,NULL,NULL,NULL,NULL),(40484449,2017011018,'PABLO','MIGUEL','LOPEZ','ESPINOZA','DNI',40484449,'Masculino',NULL,NULL,NULL,'pablo_lopeze@hotmail.com',NULL,NULL,NULL,NULL,NULL,NULL,NULL,NULL,NULL,NULL,NULL,NULL),(40502234,2016011028,'ERIC','ANTHONY','RUIZ','PACHECO','DNI',40502234,'Masculino',NULL,NULL,NULL,'erupa@msn.com',NULL,NULL,NULL,NULL,NULL,NULL,NULL,NULL,NULL,NULL,NULL,NULL),(40522966,2017011005,'ROGER','OSWALDO','CCAHUANA','FIGUEROA','DNI',40522966,'Masculino',NULL,NULL,NULL,'rccahuana@gmail.com',NULL,NULL,NULL,NULL,NULL,NULL,NULL,NULL,NULL,NULL,NULL,NULL),(40561380,2019011019,'Oscar','Roberto','Torres','Oliva','DNI',40561380,'Masculino',NULL,NULL,NULL,'oscar.torres.o@gerens.edu.pe',NULL,NULL,NULL,NULL,NULL,NULL,NULL,NULL,NULL,NULL,NULL,NULL),(40573042,2022011013,'Walter','','León','Chicmana','DNI',40573042,'Masculino',NULL,NULL,NULL,'walter.leon.c@gerens.edu.pe',NULL,NULL,NULL,NULL,NULL,NULL,NULL,NULL,NULL,NULL,NULL,NULL),(40604337,2018011019,'ANDERSON','DINO','PANTOJA','NIETO','DNI',40604337,'Masculino',NULL,NULL,NULL,'pantojanieto@yahoo.es',NULL,NULL,NULL,NULL,NULL,NULL,NULL,NULL,NULL,NULL,NULL,NULL),(40621115,2017011015,'HELMUT','','HERRERA','FERNANDEZ','DNI',40621115,'Masculino',NULL,NULL,NULL,'helmut.herrera33@gmail.com',NULL,NULL,NULL,NULL,NULL,NULL,NULL,NULL,NULL,NULL,NULL,NULL),(40637575,40637575,'David','','Mamani','Mandamientos','DNI',40637575,'Masculino',NULL,NULL,NULL,'davismining@hotmail.com',NULL,NULL,NULL,NULL,NULL,NULL,NULL,NULL,NULL,NULL,NULL,NULL),(40656434,2016011023,'KELINDA','MARTINA','RAYMUNDO','MARAVI','DNI',40656434,'Femenino',NULL,NULL,NULL,'kmartin104@hotmail.com',NULL,NULL,NULL,NULL,NULL,NULL,NULL,NULL,NULL,NULL,NULL,NULL),(40709983,2022011018,'Valentín','Ricardo','Zeballos','Castillo','DNI',40709983,'Masculino',NULL,NULL,NULL,'ricardo.zeballos.c@gerens.edu.pe',NULL,NULL,NULL,NULL,NULL,NULL,NULL,NULL,NULL,NULL,NULL,NULL),(40843231,2018011028,'DERLY','SANDY','VIZCARRA','ARIAS','DNI',40843231,'Masculino',NULL,NULL,NULL,'derly.vizcarra@glencore.com.pe',NULL,NULL,NULL,NULL,NULL,NULL,NULL,NULL,NULL,NULL,NULL,NULL),(40873225,2019011017,'Fredy','','Soncco','Colca','DNI',40873225,'Masculino',NULL,NULL,NULL,'fredy.soncco.c@gerens.edu.pe',NULL,NULL,NULL,NULL,NULL,NULL,NULL,NULL,NULL,NULL,NULL,NULL),(40905683,40905683,'Roger','','Rojas','Ticona','DNI',40905683,'Masculino',NULL,NULL,NULL,'roger.rojas.t@gerens.edu.pe',NULL,NULL,NULL,NULL,NULL,NULL,NULL,NULL,NULL,NULL,NULL,NULL),(40932093,2018011005,'MARÍA','YUVITZA','BEJAR','GUTIÉRREZ','DNI',40932093,'Femenino',NULL,NULL,NULL,'maria.bejar@milpo.com',NULL,NULL,NULL,NULL,NULL,NULL,NULL,NULL,NULL,NULL,NULL,NULL),(40942664,2016011032,'RODRIGO','','TOVAR','GARCÍA','DNI',40942664,'Masculino',NULL,NULL,NULL,'rtovarg@outlook.com',NULL,NULL,NULL,NULL,NULL,NULL,NULL,NULL,NULL,NULL,NULL,NULL),(40945512,2018011003,'JOSE','LUIS','ARIAS','CAMPOS','DNI',40945512,'Masculino',NULL,NULL,NULL,'ariascampos@gmail.com',NULL,NULL,NULL,NULL,NULL,NULL,NULL,NULL,NULL,NULL,NULL,NULL),(40962847,2018011025,'ERIKA','','TORRES','ARANÍBAR','DNI',40962847,'Femenino',NULL,NULL,NULL,'erika.torres@mmg.com',NULL,NULL,NULL,NULL,NULL,NULL,NULL,NULL,NULL,NULL,NULL,NULL),(41003839,2018011007,'HEINER','','BUENO','MATEO','DNI',41003839,'Masculino',NULL,NULL,NULL,'heiner.bueno@arcadis.com',NULL,NULL,NULL,NULL,NULL,NULL,NULL,NULL,NULL,NULL,NULL,NULL),(41049374,2022011014,'Juan','Manuel','López','Quiroz','DNI',41049374,'Masculino',NULL,NULL,NULL,'juan.lopez.q@gerens.edu.pe',NULL,NULL,NULL,NULL,NULL,NULL,NULL,NULL,NULL,NULL,NULL,NULL),(41095724,2021011005,'Roberto','Claudio','Chire','López','DNI',41095724,'Masculino',NULL,NULL,NULL,'chire.roberto@gmail.com',NULL,NULL,NULL,NULL,NULL,NULL,NULL,NULL,NULL,NULL,NULL,NULL),(41118206,2017011022,'ROSSEL','','POMA','ANCCASI','DNI',41118206,'Masculino',NULL,NULL,NULL,'rosselpoma@gmail.com',NULL,NULL,NULL,NULL,NULL,NULL,NULL,NULL,NULL,NULL,NULL,NULL),(41130259,2022011002,'Yonglin','','Arenas','Vargas','DNI',41130259,'Masculino',NULL,NULL,NULL,'yonglin.arenas.v@gerens.edu.pe',NULL,NULL,NULL,NULL,NULL,NULL,NULL,NULL,NULL,NULL,NULL,NULL),(41133011,2021011012,'Miguel','','Montalván','Aráoz','DNI',41133011,'Masculino',NULL,NULL,NULL,'miguel.montalvan.araoz@mmg.com',NULL,NULL,NULL,NULL,NULL,NULL,NULL,NULL,NULL,NULL,NULL,NULL),(41195799,2021011007,'Mariano','Enrique','Huapaya','López','DNI',41195799,'Masculino',NULL,NULL,NULL,'marianohuapaya@hotmail.com',NULL,NULL,NULL,NULL,NULL,NULL,NULL,NULL,NULL,NULL,NULL,NULL),(41261208,2018011010,'MIGUEL','ANGEL','COCHACHI','HUAMÁN','DNI',41261208,'Masculino',NULL,NULL,NULL,'migco_3@hotmail.com',NULL,NULL,NULL,NULL,NULL,NULL,NULL,NULL,NULL,NULL,NULL,NULL),(41270663,41270663,'Lesly','','Zamora','Ríos','DNI',41270663,'Femenino',NULL,NULL,NULL,'lesly.zamora.r@gerens.edu.pe',NULL,NULL,NULL,NULL,NULL,NULL,NULL,NULL,NULL,NULL,NULL,NULL),(41278846,41278846,'Cristhian','Fernando','Castañeda','Martinez','DNI',41278846,'Masculino',NULL,NULL,NULL,'Crisfer_2804@hotmail.com',NULL,NULL,NULL,NULL,NULL,NULL,NULL,NULL,NULL,NULL,NULL,NULL),(41291475,2016011025,'MANUEL','FERNANDO','RODRÍGUEZ','SAITO','DNI',41291475,'Masculino',NULL,NULL,NULL,'rodriguez.manuel@pucp.pe',NULL,NULL,NULL,NULL,NULL,NULL,NULL,NULL,NULL,NULL,NULL,NULL),(41304306,2021011001,'Nilton','Rolando','Becerra','Villar','DNI',41304306,'Masculino',NULL,NULL,NULL,'niltonbecerra@gmail.com',NULL,NULL,NULL,NULL,NULL,NULL,NULL,NULL,NULL,NULL,NULL,NULL),(41340132,2016011007,'KATYA','ROSSANA','CARLOS','EULOGIO','DNI',41340132,'Femenino',NULL,NULL,NULL,'katyacarlose@gmail.com',NULL,NULL,NULL,NULL,NULL,NULL,NULL,NULL,NULL,NULL,NULL,NULL),(41398694,2022011015,'Fredy','Richard','Macetas','Fernández','DNI',41398694,'Masculino',NULL,NULL,NULL,'fredy.macetas.f@gerens.edu.pe',NULL,NULL,NULL,NULL,NULL,NULL,NULL,NULL,NULL,NULL,NULL,NULL),(41422194,2017011026,'RICHARD','MAIK','VALLADARES','TAPIA','DNI',41422194,'Masculino',NULL,NULL,NULL,'rvalladarest@hotmail.com',NULL,NULL,NULL,NULL,NULL,NULL,NULL,NULL,NULL,NULL,NULL,NULL),(41438738,2019011001,'Cesar','Aparicio','Alviz','Rayan','DNI',41438738,'Masculino',NULL,NULL,NULL,'cesar.alviz.r@gerens.edu.pe',NULL,NULL,NULL,NULL,NULL,NULL,NULL,NULL,NULL,NULL,NULL,NULL),(41479884,2019011003,'Erika','','Calmell del Solar','Avellaneda','DNI',41479884,'Femenino',NULL,NULL,NULL,'erika.calmelldelsolar.a@gerens.edu.pe',NULL,NULL,NULL,NULL,NULL,NULL,NULL,NULL,NULL,NULL,NULL,NULL),(41569194,2016011027,'YOEL','ELVIS','ROMERO','VILCAS','DNI',41569194,'Masculino',NULL,NULL,NULL,'elvisyoel@hotmail.com',NULL,NULL,NULL,NULL,NULL,NULL,NULL,NULL,NULL,NULL,NULL,NULL),(41597737,2017011017,'JHERSON','JOSE','LAVADO','BARZOLA','DNI',41597737,'Masculino',NULL,NULL,NULL,'jhersonlb86@gmail.com',NULL,NULL,NULL,NULL,NULL,NULL,NULL,NULL,NULL,NULL,NULL,NULL),(41603792,2022011019,'Milton','Luis','Zegarra','Blanco','DNI',41603792,'Masculino',NULL,NULL,NULL,'milton.zegarra.b@gerens.edu.pe',NULL,NULL,NULL,NULL,NULL,NULL,NULL,NULL,NULL,NULL,NULL,NULL),(41615836,2019011013,'Edgar','Wilfredo','Qqueccaño','Huisa','DNI',41615836,'Masculino',NULL,NULL,NULL,'edgar.qqueccano.h@gerens.edu.pe',NULL,NULL,NULL,NULL,NULL,NULL,NULL,NULL,NULL,NULL,NULL,NULL),(41642204,2018011004,'FREDY','EDUARDO','ASMAT','MENDO','DNI',41642204,'Masculino',NULL,NULL,NULL,'fredy.asmat.m@gerens.edu.pe',NULL,NULL,NULL,NULL,NULL,NULL,NULL,NULL,NULL,NULL,NULL,NULL),(41677993,2016011014,'CRISTINA','LISSETH','GONZALES','SARMIENTO','DNI',41677993,'Femenino',NULL,NULL,NULL,'cristinalissethgs@gmail.com',NULL,NULL,NULL,NULL,NULL,NULL,NULL,NULL,NULL,NULL,NULL,NULL),(41723081,2016011035,'MIGUEL','ANTONIO','VIERA','MENDOZA','DNI',41723081,'Masculino',NULL,NULL,NULL,'miguelv1983@hotmail.com',NULL,NULL,NULL,NULL,NULL,NULL,NULL,NULL,NULL,NULL,NULL,NULL),(41734937,2022011011,'Jerry','','Huamán','Abalos','DNI',41734937,'Masculino',NULL,NULL,NULL,'jerry.huaman.a@gerens.edu.pe',NULL,NULL,NULL,NULL,NULL,NULL,NULL,NULL,NULL,NULL,NULL,NULL),(41737035,2019011022,'Augusto','','Garcia','Ramos','DNI',41737035,'Masculino',NULL,NULL,NULL,'augusto.garcia.r@gerens.edu.pe',NULL,NULL,NULL,NULL,NULL,NULL,NULL,NULL,NULL,NULL,NULL,NULL),(41756415,2016011010,'LUIS','MARCELO','DE LA ROCA','PAUCAR','DNI',41756415,'Masculino',NULL,NULL,NULL,'ldelaroca2009@gmail.com',NULL,NULL,NULL,NULL,NULL,NULL,NULL,NULL,NULL,NULL,NULL,NULL),(41768439,41768439,'Miguel','Angel','Vite','Morales','DNI',41768439,'Masculino',NULL,NULL,NULL,'mvite2905@hotmail.com',NULL,NULL,NULL,NULL,NULL,NULL,NULL,NULL,NULL,NULL,NULL,NULL),(41771305,2019011016,'Ivana','','Silva Santisteban','Inurritegui','DNI',41771305,'Femenino',NULL,NULL,NULL,'ivana.silva.i@gerens.edu.pe',NULL,NULL,NULL,NULL,NULL,NULL,NULL,NULL,NULL,NULL,NULL,NULL),(41783116,2016011017,'MIGUEL','ANGEL','MICHA','SANTA MARIA','DNI',41783116,'Masculino',NULL,NULL,NULL,'miguelmicha.santamaria@hotmail.com',NULL,NULL,NULL,NULL,NULL,NULL,NULL,NULL,NULL,NULL,NULL,NULL),(41784367,2022011020,'Eddy','','Zapana','Yanarico','DNI',41784367,'Masculino',NULL,NULL,NULL,'eddy.zapana.y@gerens.edu.pe',NULL,NULL,NULL,NULL,NULL,NULL,NULL,NULL,NULL,NULL,NULL,NULL),(41801381,2019011010,'Anthony','Omar','Ortega','Tapia','DNI',41801381,'Masculino',NULL,NULL,NULL,'anthony.ortega.t@gerens.edu.pe',NULL,NULL,NULL,NULL,NULL,NULL,NULL,NULL,NULL,NULL,NULL,NULL),(41886804,2019011021,'Alex','Sandro','Huaraca','Aylas','DNI',41886804,'Masculino',NULL,NULL,NULL,'alex.huaraca.a@gerens.edu.pe',NULL,NULL,NULL,NULL,NULL,NULL,NULL,NULL,NULL,NULL,NULL,NULL),(41970799,2018011029,'EMERSON','ALEX','YAPIAS','CAJAHUANCA','DNI',41970799,'Masculino',NULL,NULL,NULL,'alexyapias1011@gmail.com',NULL,NULL,NULL,NULL,NULL,NULL,NULL,NULL,NULL,NULL,NULL,NULL),(42103751,2022011007,'Oliver','Bevel','Chipana','Calderón','DNI',42103751,'Masculino',NULL,NULL,NULL,'oliver.chipana.c@gerens.edu.pe',NULL,NULL,NULL,NULL,NULL,NULL,NULL,NULL,NULL,NULL,NULL,NULL),(42255874,2016011033,'ALEXANDER','','TRIGOSO','PINTO','DNI',42255874,'Masculino',NULL,NULL,NULL,'trigosoalexander@gmail.com',NULL,NULL,NULL,NULL,NULL,NULL,NULL,NULL,NULL,NULL,NULL,NULL),(42422692,2018011014,'DAVID','','GUTIERREZ','CÁCERES','DNI',42422692,'Masculino',NULL,NULL,NULL,'david.gutierrez@nexaresources.com',NULL,NULL,NULL,NULL,NULL,NULL,NULL,NULL,NULL,NULL,NULL,NULL),(42445013,2018011012,'HERNAN','EDUARDO','DEL AGUILA','LLANOS','DNI',42445013,'Masculino',NULL,NULL,NULL,'hedal@outlook.com',NULL,NULL,NULL,NULL,NULL,NULL,NULL,NULL,NULL,NULL,NULL,NULL),(42494934,2017011021,'GERMAN','WILLIAMS','OCAÑA','VASQUEZ','DNI',42494934,'Masculino',NULL,NULL,NULL,'g.william.ov@hotmail.com',NULL,NULL,NULL,NULL,NULL,NULL,NULL,NULL,NULL,NULL,NULL,NULL),(42535582,2016011018,'NELLY','SOLEDAD','MOLLEHUARA','CANALES','DNI',42535582,'Femenino',NULL,NULL,NULL,'nellymollehuara@gmail.com',NULL,NULL,NULL,NULL,NULL,NULL,NULL,NULL,NULL,NULL,NULL,NULL),(42719335,2019011008,'Danny','Agustin Eduardo','Leon','Tirado','DNI',42719335,'Masculino',NULL,NULL,NULL,'daelt25@gmail.com',NULL,NULL,NULL,NULL,NULL,NULL,NULL,NULL,NULL,NULL,NULL,NULL),(42746442,2021011008,'Johnny','','Janampa','Conde','DNI',42746442,'Masculino',NULL,NULL,NULL,'janampa.johnny@gmail.com',NULL,NULL,NULL,NULL,NULL,NULL,NULL,NULL,NULL,NULL,NULL,NULL),(42775395,2016011024,'JOSE','ANTONIO','RÍOS PITA','DIEZ','DNI',42775395,'Masculino',NULL,NULL,NULL,'antonioriospita@gmail.com',NULL,NULL,NULL,NULL,NULL,NULL,NULL,NULL,NULL,NULL,NULL,NULL),(42979242,2021011018,'Abel','Eliseo','Rosas','Carhuaricra','DNI',42979242,'Masculino',NULL,NULL,NULL,'abelrc06@hotmail.com',NULL,NULL,NULL,NULL,NULL,NULL,NULL,NULL,NULL,NULL,NULL,NULL),(43060381,2017011011,'EDWIN','','ESCOBAR','VERA','DNI',43060381,'Masculino',NULL,NULL,NULL,'edwinescobarvera@gmail.com',NULL,NULL,NULL,NULL,NULL,NULL,NULL,NULL,NULL,NULL,NULL,NULL),(43071028,43071028,'Carla','Lucía','Tang','Bedoya','DNI',43071028,'Femenino',NULL,NULL,NULL,'carlatangb@gmail.com',NULL,NULL,NULL,NULL,NULL,NULL,NULL,NULL,NULL,NULL,NULL,NULL),(43323727,2021011009,'Javier','Humberto','Lucar','Marrou','DNI',43323727,'Masculino',NULL,NULL,NULL,'j.lucar@pucp.pe',NULL,NULL,NULL,NULL,NULL,NULL,NULL,NULL,NULL,NULL,NULL,NULL),(43393337,2016011031,'HENRY','PABLO','TORRES','QUISPE','DNI',43393337,'Masculino',NULL,NULL,NULL,'hentoqui@gmail.com',NULL,NULL,NULL,NULL,NULL,NULL,NULL,NULL,NULL,NULL,NULL,NULL),(43572219,43572219,'Ever','Víctor','León','Rojas','DNI',43572219,'Masculino',NULL,NULL,NULL,'ever.leon@unacem.com.pe',NULL,NULL,NULL,NULL,NULL,NULL,NULL,NULL,NULL,NULL,NULL,NULL),(43620845,2022011009,'José','Luis','Guerra','Blancas','DNI',43620845,'Masculino',NULL,NULL,NULL,'joseluis.guerra.b@gerens.edu.pe',NULL,NULL,NULL,NULL,NULL,NULL,NULL,NULL,NULL,NULL,NULL,NULL),(43621804,7,'ERIC','','CRUCES','MAYHUA','DNI',43621804,'Masculino',NULL,NULL,NULL,'e.cruces.m@hotmail.com',NULL,NULL,NULL,NULL,NULL,NULL,NULL,NULL,NULL,NULL,NULL,NULL),(43836655,2021011011,'Giancarlo','','Marquina','Janampa','DNI',43836655,'Masculino',NULL,NULL,NULL,'giancarlom86@gmail.com',NULL,NULL,NULL,NULL,NULL,NULL,NULL,NULL,NULL,NULL,NULL,NULL),(43862216,2022011003,'Dussan','','Arostegui','Carrera','DNI',43862216,'Masculino',NULL,NULL,NULL,'dussan.arostegui.c@gerens.edu.pe',NULL,NULL,NULL,NULL,NULL,NULL,NULL,NULL,NULL,NULL,NULL,NULL),(44665041,44665041,'Albert','Alan','Rosales','Del Aguila','DNI',44665041,'Masculino',NULL,NULL,NULL,'alanfortok@gmail.com',NULL,NULL,NULL,NULL,NULL,NULL,NULL,NULL,NULL,NULL,NULL,NULL),(44776377,2017011001,'MARIA','CRISTINA','ALVA','NORIEGA','DNI',44776377,'Femenino',NULL,NULL,NULL,'rnoriega2@gmail.com',NULL,NULL,NULL,NULL,NULL,NULL,NULL,NULL,NULL,NULL,NULL,NULL),(45148837,2018011026,'DIEGO','JACOB','VILA','MIRANDA','DNI',45148837,'Masculino',NULL,NULL,NULL,'diego.vila10@hotmail.com',NULL,NULL,NULL,NULL,NULL,NULL,NULL,NULL,NULL,NULL,NULL,NULL),(45458523,2019011004,'Oscar','Eduardo','Carbajal','Mendoza','DNI',45458523,'Masculino',NULL,NULL,NULL,'oscar.carbajal.m@gerens.edu.pe',NULL,NULL,NULL,NULL,NULL,NULL,NULL,NULL,NULL,NULL,NULL,NULL),(45529850,45529850,'Hector','Moises','Garcia','Otazu','DNI',45529850,'Masculino',NULL,NULL,NULL,'hector.garcia.o@gerens.edu.pe',NULL,NULL,NULL,NULL,NULL,NULL,NULL,NULL,NULL,NULL,NULL,NULL),(45712420,2016011008,'FARAH','PATRICIA','CARPIO','BARAKAT','DNI',45712420,'Femenino',NULL,NULL,NULL,'farahcb@hotmail.com',NULL,NULL,NULL,NULL,NULL,NULL,NULL,NULL,NULL,NULL,NULL,NULL),(45958126,2021011022,'Jorge','Luis','Tovar','Huamán','DNI',45958126,'Masculino',NULL,NULL,NULL,'tovarhjorgeluis@gmail.com',NULL,NULL,NULL,NULL,NULL,NULL,NULL,NULL,NULL,NULL,NULL,NULL),(46209348,46209348,'Rosario','Guisell','Sumaria','Montes','DNI',46209348,'Femenino',NULL,NULL,NULL,'rsumaria@pucp.pe',NULL,NULL,NULL,NULL,NULL,NULL,NULL,NULL,NULL,NULL,NULL,NULL),(46217001,2021011004,'Erik','Jhonatan','Colana','Nina','DNI',46217001,'Masculino',NULL,NULL,NULL,'jhonathancolana@gmail.com',NULL,NULL,NULL,NULL,NULL,NULL,NULL,NULL,NULL,NULL,NULL,NULL),(46633801,2016011036,'LUIS','PEDRO','ZAPANA','MESTAS','DNI',46633801,'Masculino',NULL,NULL,NULL,'pzapana_mining@hotmail.com',NULL,NULL,NULL,NULL,NULL,NULL,NULL,NULL,NULL,NULL,NULL,NULL),(46849921,2017011014,'ANDREA','KATERINA','GUERRERO','POSADAS','DNI',46849921,'Femenino',NULL,NULL,NULL,'andrea.guerrerop@pucp.pe',NULL,NULL,NULL,NULL,NULL,NULL,NULL,NULL,NULL,NULL,NULL,NULL),(47040670,2022011004,'Juan','Carlos','Bazán','Sotomayor','DNI',47040670,'Masculino',NULL,NULL,NULL,'juan.bazan.s@gerens.edu.pe',NULL,NULL,NULL,NULL,NULL,NULL,NULL,NULL,NULL,NULL,NULL,NULL),(47265506,2021011015,'Sandra','','Quispetito','Ccama','DNI',47265506,'Femenino',NULL,NULL,NULL,'sandraqqq@hotmail.com',NULL,NULL,NULL,NULL,NULL,NULL,NULL,NULL,NULL,NULL,NULL,NULL),(47351160,2019011018,'Debora','','Torres','Chamorro','DNI',47351160,'Femenino',NULL,NULL,NULL,'debora.torres.c@gerens.edu.pe',NULL,NULL,NULL,NULL,NULL,NULL,NULL,NULL,NULL,NULL,NULL,NULL),(48037344,48037344,'Christopher','','Suarez','Enciso','DNI',48037344,'Masculino',NULL,NULL,NULL,'christopherse1993@gmail.com',NULL,NULL,NULL,NULL,NULL,NULL,NULL,NULL,NULL,NULL,NULL,NULL),(48900148,2018011021,'ROGER','DIOMENES','ROJAS','PRIMO','DNI',48900148,'Masculino',NULL,NULL,NULL,'roger_rojas_p@hotmail.com',NULL,NULL,NULL,NULL,NULL,NULL,NULL,NULL,NULL,NULL,NULL,NULL),(70005418,70005418,'Santiago','Christian','Choquehuayta','Sanchez','DNI',70005418,'Masculino',NULL,NULL,NULL,'santiagocchs@gmail.com',NULL,NULL,NULL,NULL,NULL,NULL,NULL,NULL,NULL,NULL,NULL,NULL),(70249711,2021011014,'Wendell','Keith','Portugal','Fernández','DNI',70249711,'Masculino',NULL,NULL,NULL,'wportugalf@pucp.pe',NULL,NULL,NULL,NULL,NULL,NULL,NULL,NULL,NULL,NULL,NULL,NULL),(70459578,2021011006,'Laura','Lucia','Gil','Cuayla','DNI',70459578,'Femenino',NULL,NULL,NULL,'lucia.gil.c@gmail.com',NULL,NULL,NULL,NULL,NULL,NULL,NULL,NULL,NULL,NULL,NULL,NULL),(70753856,2016011020,'JAVIER','ANGEL','MOYA','TARAZONA','DNI',70753856,'Masculino',NULL,NULL,NULL,'javier_moya1@hotmail.com',NULL,NULL,NULL,NULL,NULL,NULL,NULL,NULL,NULL,NULL,NULL,NULL),(70843784,2021011016,'Alexis','Geancarlo','Rojas','Castillo','DNI',70843784,'Masculino',NULL,NULL,NULL,'alexis0927@hotmail.com',NULL,NULL,NULL,NULL,NULL,NULL,NULL,NULL,NULL,NULL,NULL,NULL),(71778502,2022011001,'Reinaldo','','Alvarado','Cuesta','DNI',71778502,'Masculino',NULL,NULL,NULL,'reinaldo.alvarado.c@gerens.edu.pe',NULL,NULL,NULL,NULL,NULL,NULL,NULL,NULL,NULL,NULL,NULL,NULL),(71924931,2018011013,'Paul','Willy','Dionisio','Ibarra','DNI',71924931,'Masculino',NULL,NULL,NULL,'paul.dionisio.i@gerens.edu.pe',NULL,NULL,NULL,NULL,NULL,NULL,NULL,NULL,NULL,NULL,NULL,NULL),(72122745,72122745,'Christa','Hildegard','Quiroz','Cotrina','DNI',72122745,'Femenino',NULL,NULL,NULL,'christa.qc@gmail.com',NULL,NULL,NULL,NULL,NULL,NULL,NULL,NULL,NULL,NULL,NULL,NULL),(72279239,2022011006,'Michael','Mariano','Cueto','Morales','DNI',72279239,'Masculino',NULL,NULL,NULL,'michael.cueto.m@gerens.edu.pe',NULL,NULL,NULL,NULL,NULL,NULL,NULL,NULL,NULL,NULL,NULL,NULL),(73781656,2022011012,'Giuseppe','Marco','Huallpamayta','Quispe','DNI',73781656,'Masculino',NULL,NULL,NULL,'marco.huallpamayta.q@gerens.edu.pe',NULL,NULL,NULL,NULL,NULL,NULL,NULL,NULL,NULL,NULL,NULL,NULL),(80284505,2016011004,'JUSTINIANO ','ZOSIMO','CALDAS','APONTE','DNI',80284505,'Masculino',NULL,NULL,NULL,'jcaldas79@hotmail.com',NULL,NULL,NULL,NULL,NULL,NULL,NULL,NULL,NULL,NULL,NULL,NULL),(80288058,2017011019,'HUGO','RUBEN','MAMANI','HUACHACA','DNI',80288058,'Masculino',NULL,NULL,NULL,'rubenphd13@gmail.com',NULL,NULL,NULL,NULL,NULL,NULL,NULL,NULL,NULL,NULL,NULL,NULL),(80504037,2022011017,'Alex','Santiago','Rojas','Gutiérrez','DNI',80504037,'Masculino',NULL,NULL,NULL,'alex.rojas.g@gerens.edu.pe',NULL,NULL,NULL,NULL,NULL,NULL,NULL,NULL,NULL,NULL,NULL,NULL),(80609598,2018011011,'ROBERT','EDWARD','COPACONDORI','AVENDAÑO','DNI',80609598,'Masculino',NULL,NULL,NULL,'robert.copacondori@glencore.com.pe',NULL,NULL,NULL,NULL,NULL,NULL,NULL,NULL,NULL,NULL,NULL,NULL),(1102992979,2017011007,'ANGEL','EDUARDO','CUEVA','SOTO','Carnet de Extranjería',1102992979,'Masculino',NULL,NULL,NULL,'angel_cueva72@yahoo.es',NULL,NULL,NULL,NULL,NULL,NULL,NULL,NULL,NULL,NULL,NULL,NULL);
/*!40000 ALTER TABLE `Estudiante` ENABLE KEYS */;
UNLOCK TABLES;

--
-- Table structure for table `Moodle`
--

DROP TABLE IF EXISTS `Moodle`;
/*!40101 SET @saved_cs_client     = @@character_set_client */;
/*!50503 SET character_set_client = utf8mb4 */;
CREATE TABLE `Moodle` (
  `id_moodle` int NOT NULL AUTO_INCREMENT,
  `id_curso` int DEFAULT NULL,
  `Moodle_Fecha` date DEFAULT NULL,
  `Moodle_User` varchar(60) DEFAULT NULL,
  `Moodle_Contexto` varchar(200) DEFAULT NULL,
  `Moodle_Evento` varchar(200) DEFAULT NULL,
  `Moodle_Descripcion` varchar(200) DEFAULT NULL,
  PRIMARY KEY (`id_moodle`),
  KEY `id_curso` (`id_curso`)
) ENGINE=InnoDB AUTO_INCREMENT=36 DEFAULT CHARSET=utf8mb3;
/*!40101 SET character_set_client = @saved_cs_client */;

--
-- Dumping data for table `Moodle`
--

LOCK TABLES `Moodle` WRITE;
/*!40000 ALTER TABLE `Moodle` DISABLE KEYS */;
INSERT INTO `Moodle` VALUES (1,8001,'2022-12-14','Daniel Carrión',NULL,NULL,'Informe de registro visualizado'),(2,8001,'2022-12-14','Daniel Carrión',NULL,NULL,'Curso visto'),(3,8001,'2022-12-12','Eddy Zapana Yanarico',NULL,NULL,'Curso visto'),(4,8001,'2022-12-07','Ytalo De la Torre',NULL,NULL,'Curso visto'),(5,8001,'2022-12-07','Ytalo De la Torre',NULL,NULL,'Curso visto'),(6,8001,'2022-11-30','Dante Raúl Salazar Reyes',NULL,NULL,'Curso visto'),(7,8001,'2022-11-30','Dante Raúl Salazar Reyes',NULL,NULL,'Actividad reciente vista'),(8,8001,'2022-11-30','Dante Raúl Salazar Reyes',NULL,NULL,'Curso visto'),(9,8001,'2022-11-24','Brian Bastos',NULL,NULL,'The user with id 2480 viewed the resource activity with course module id 40725.'),(10,8001,'2022-11-24','Brian Bastos',NULL,NULL,'The user with id 2480 viewed the url activity with course module id 41021.'),(11,8001,'2022-11-24','Brian Bastos',NULL,NULL,'Curso visto'),(12,8001,'2022-11-18','Daniel Carrión',NULL,NULL,'Lista de usuarios vista'),(13,8001,'2022-11-18','Daniel Carrión',NULL,NULL,'Curso visto'),(14,8001,'2022-11-18','Daniel Carrión',NULL,NULL,'Lista de usuarios vista'),(15,8001,'2022-11-18','Daniel Carrión',NULL,NULL,'Curso visto'),(16,8001,'2022-11-17','Italo Fernando Quiroz Tenorio',NULL,NULL,'Lista de usuarios vista'),(17,8001,'2022-11-17','Italo Fernando Quiroz Tenorio',NULL,NULL,'Curso visto'),(18,8001,'2022-11-17','Brian Bastos',NULL,NULL,'The user with id 2480 viewed the report overview for the quiz with course module id 42111.'),(19,8001,'2022-11-17','Brian Bastos',NULL,NULL,'The user with id 2480 viewed the quiz activity with course module id 42111.'),(20,8001,'2022-11-17','Brian Bastos',NULL,NULL,'Curso visto'),(21,8001,'2022-11-16','Ana Rosa Adaniya',NULL,NULL,'The user with id 6 viewed the report overview for the quiz with course module id 42138.'),(22,8001,'2022-11-16','Ana Rosa Adaniya',NULL,NULL,'The user with id 6 viewed the quiz activity with course module id 42138.'),(23,8001,'2022-11-16','Ana Rosa Adaniya',NULL,NULL,'Curso visto'),(24,8001,'2022-11-16','Mariluz Adaniya',NULL,NULL,'The user with id 52 viewed the report overview for the quiz with course module id 42111.'),(25,8001,'2022-11-16','Mariluz Adaniya',NULL,NULL,'The user with id 52 viewed the quiz activity with course module id 42111.'),(26,8001,'2022-11-16','Mariluz Adaniya',NULL,NULL,'Curso visto'),(27,8001,'2022-11-16','Mariluz Adaniya',NULL,NULL,'The user with id 52 viewed the report overview for the quiz with course module id 42111.'),(28,8001,'2022-11-16','Mariluz Adaniya',NULL,NULL,'The user with id 52 viewed the quiz activity with course module id 42111.'),(29,8001,'2022-11-16','Mariluz Adaniya',NULL,NULL,'The user with id 52 viewed the quiz activity with course module id 42111.'),(30,8001,'2022-11-16','Mariluz Adaniya',NULL,NULL,'Curso visto'),(31,8001,'2022-11-16','Mariluz Adaniya',NULL,NULL,'The user with id 52 viewed the report overview for the quiz with course module id 42138.'),(32,8001,'2022-11-16','Mariluz Adaniya',NULL,NULL,'The user with id 52 viewed the quiz activity with course module id 42138.'),(33,8001,'2022-11-16','Mariluz Adaniya',NULL,NULL,'Curso visto'),(34,8001,'2022-11-16','Mariluz Adaniya',NULL,NULL,'The user with id 52 viewed the report overview for the quiz with course module id 42138.'),(35,8001,'2022-11-16','Mariluz Adaniya',NULL,NULL,'The user with id 52 manually graded the question with id 9439 for the attempt with id 6499 for the quiz with course module id 42138.');
/*!40000 ALTER TABLE `Moodle` ENABLE KEYS */;
UNLOCK TABLES;

--
-- Table structure for table `Notas`
--

DROP TABLE IF EXISTS `Notas`;
/*!40101 SET @saved_cs_client     = @@character_set_client */;
/*!50503 SET character_set_client = utf8mb4 */;
CREATE TABLE `Notas` (
  `id_notas` int NOT NULL AUTO_INCREMENT,
  `Notas_Tipo` varchar(25) DEFAULT NULL,
  `id_estudiante` int DEFAULT NULL,
  `id_curso` int DEFAULT NULL,
  `Notas` float DEFAULT NULL,
  `Notas_Redondeado` int DEFAULT NULL,
  PRIMARY KEY (`id_notas`),
  KEY `id_estudiante` (`id_estudiante`),
  KEY `id_curso` (`id_curso`)
) ENGINE=InnoDB AUTO_INCREMENT=3283 DEFAULT CHARSET=utf8mb3;
/*!40101 SET character_set_client = @saved_cs_client */;

--
-- Dumping data for table `Notas`
--

LOCK TABLES `Notas` WRITE;
/*!40000 ALTER TABLE `Notas` DISABLE KEYS */;
INSERT INTO `Notas` VALUES (1,NULL,8128090,20180012,16.4,NULL),(2,NULL,8128090,20180001,14.5,NULL),(3,NULL,8128090,20180002,16.1,NULL),(4,NULL,8128090,20180003,15.3,NULL),(5,NULL,8128090,20180005,15.5,NULL),(6,NULL,8128090,20180013,18.6,NULL),(7,NULL,8128090,20190005,17,NULL),(8,NULL,8128090,20180014,15.6,NULL),(9,NULL,8128090,20190006,18,NULL),(10,NULL,8128090,20190015,16.5,NULL),(11,NULL,8128090,20180016,14.2,NULL),(12,NULL,8128090,20190017,16,NULL),(13,NULL,8128090,20190018,17.5,NULL),(14,NULL,8128090,20190019,16,NULL),(15,NULL,8128090,20180019,15.8,NULL),(16,NULL,8128090,20190021,16.5,NULL),(17,NULL,8128090,20180009,16.5,NULL),(18,NULL,8128090,20180021,15.5,NULL),(19,NULL,8128090,20190008,17.8,NULL),(20,NULL,8128090,20190009,16.4,NULL),(21,NULL,8128090,20190010,15.8,NULL),(22,NULL,8128090,20190023,16,NULL),(23,NULL,9969123,20180012,14,NULL),(24,NULL,9969123,20180001,15.1,NULL),(25,NULL,9969123,20180002,15.2,NULL),(26,NULL,9969123,20180003,14.2,NULL),(27,NULL,9969123,20180005,14.1,NULL),(28,NULL,9969123,20180013,17,NULL),(29,NULL,9969123,20190005,14.7,NULL),(30,NULL,9969123,20180014,14.4,NULL),(31,NULL,9969123,20190006,14.6,NULL),(32,NULL,9969123,20190015,14.3,NULL),(33,NULL,9969123,20180016,15.9,NULL),(34,NULL,9969123,20190017,15.4,NULL),(35,NULL,9969123,20190018,11.1,NULL),(36,NULL,9969123,20190019,16.1,NULL),(37,NULL,9969123,20180019,16,NULL),(38,NULL,9969123,20190021,16,NULL),(39,NULL,9969123,20180009,13.7,NULL),(40,NULL,9969123,20180021,13.4,NULL),(41,NULL,9969123,20190009,13.1,NULL),(42,NULL,9969123,20190010,13.6,NULL),(43,NULL,9969123,20190023,14.6,NULL),(44,NULL,9969123,20190011,13.3,NULL),(45,NULL,10396094,20180012,14.2,NULL),(46,NULL,10396094,20180001,15.3,NULL),(47,NULL,10396094,20180002,13.3,NULL),(48,NULL,10396094,20180003,15.8,NULL),(49,NULL,10396094,20180005,11,NULL),(50,NULL,10396094,20180013,18.8,NULL),(51,NULL,10396094,20190005,14.2,NULL),(52,NULL,10396094,20180014,13.3,NULL),(53,NULL,10396094,20190006,13.5,NULL),(54,NULL,10396094,20190015,12.1,NULL),(55,NULL,10396094,20180016,16.5,NULL),(56,NULL,10396094,20190017,13.8,NULL),(57,NULL,10396094,20190018,16.9,NULL),(58,NULL,10396094,20190019,14.3,NULL),(59,NULL,10396094,20180019,14.3,NULL),(60,NULL,10396094,20190021,15,NULL),(61,NULL,10396094,20180009,13.7,NULL),(62,NULL,10396094,20180021,13.3,NULL),(63,NULL,10396094,20190008,17.4,NULL),(64,NULL,10396094,20190009,15.6,NULL),(65,NULL,10396094,20190010,13.9,NULL),(66,NULL,10396094,20190023,12.9,NULL),(67,NULL,10701721,20180012,14.2,NULL),(68,NULL,10701721,20180001,16,NULL),(69,NULL,10701721,20180002,17.2,NULL),(70,NULL,10701721,20180003,17,NULL),(71,NULL,10701721,20180005,17.8,NULL),(72,NULL,10701721,20180013,18.3,NULL),(73,NULL,10701721,20190005,16.6,NULL),(74,NULL,10701721,20180014,14,NULL),(75,NULL,10701721,20190006,16.7,NULL),(76,NULL,10701721,20190015,15.8,NULL),(77,NULL,10701721,20180016,17.8,NULL),(78,NULL,10701721,20190017,14,NULL),(79,NULL,10701721,20190018,14.5,NULL),(80,NULL,10701721,20190019,15.4,NULL),(81,NULL,10701721,20180019,16.5,NULL),(82,NULL,10701721,20190021,12,NULL),(83,NULL,10701721,20180009,15.1,NULL),(84,NULL,10701721,20180021,14.4,NULL),(85,NULL,10701721,20190008,18.4,NULL),(86,NULL,10701721,20190009,17,NULL),(87,NULL,10701721,20190010,14.2,NULL),(88,NULL,10701721,20190023,16.4,NULL),(89,NULL,10705864,20180012,14.2,NULL),(90,NULL,10705864,20180001,15.6,NULL),(91,NULL,10705864,20180002,15.4,NULL),(92,NULL,10705864,20180003,16.3,NULL),(93,NULL,10705864,20180005,15.4,NULL),(94,NULL,10705864,20180013,17.7,NULL),(95,NULL,10705864,20190005,16.7,NULL),(96,NULL,10705864,20180014,13.6,NULL),(97,NULL,10705864,20190006,16.1,NULL),(98,NULL,10705864,20190015,15.6,NULL),(99,NULL,10705864,20180016,17.8,NULL),(100,NULL,10705864,20190017,14,NULL),(101,NULL,10705864,20190018,17.6,NULL),(102,NULL,10705864,20190019,13.1,NULL),(103,NULL,10705864,20180019,16.5,NULL),(104,NULL,10705864,20190021,14.8,NULL),(105,NULL,10705864,20180009,15.3,NULL),(106,NULL,10705864,20180021,14,NULL),(107,NULL,10705864,20190009,15.6,NULL),(108,NULL,10705864,20190010,14.6,NULL),(109,NULL,10705864,20190023,16.2,NULL),(110,NULL,10705864,20190011,15.8,NULL),(111,NULL,10806453,20180012,16.7,NULL),(112,NULL,10806453,20180001,15.6,NULL),(113,NULL,10806453,20180002,12.9,NULL),(114,NULL,10806453,20180003,10.5,NULL),(115,NULL,10806453,20180005,14.1,NULL),(116,NULL,10806453,20180013,18.3,NULL),(117,NULL,10806453,20190005,12.8,NULL),(118,NULL,10806453,20180014,12.1,NULL),(119,NULL,10806453,20190006,12.5,NULL),(120,NULL,10806453,20190015,13.7,NULL),(121,NULL,10806453,20180016,17.9,NULL),(122,NULL,10806453,20190017,13.8,NULL),(123,NULL,10806453,20190018,14.9,NULL),(124,NULL,10806453,20190019,14.7,NULL),(125,NULL,10806453,20180019,15.8,NULL),(126,NULL,10806453,20190021,14.5,NULL),(127,NULL,10806453,20180009,13.2,NULL),(128,NULL,10806453,20180021,13.5,NULL),(129,NULL,10806453,20190008,18.2,NULL),(130,NULL,10806453,20190009,15.5,NULL),(131,NULL,10806453,20190010,14.2,NULL),(132,NULL,10806453,20190023,12.9,NULL),(133,NULL,11032208,20180012,13.8,NULL),(134,NULL,11032208,20180001,15.1,NULL),(135,NULL,11032208,20180002,13.8,NULL),(136,NULL,11032208,20180003,14.1,NULL),(137,NULL,11032208,20180005,14.7,NULL),(138,NULL,11032208,20180013,17.3,NULL),(139,NULL,11032208,20190005,13.5,NULL),(140,NULL,11032208,20180014,15,NULL),(141,NULL,11032208,20190006,12.4,NULL),(142,NULL,11032208,20190015,13.8,NULL),(143,NULL,11032208,20180016,15.6,NULL),(144,NULL,11032208,20190017,15.8,NULL),(145,NULL,11032208,20190018,13.1,NULL),(146,NULL,11032208,20190019,12.9,NULL),(147,NULL,11032208,20180019,16.5,NULL),(148,NULL,11032208,20190021,16,NULL),(149,NULL,11032208,20180009,13.1,NULL),(150,NULL,11032208,20180021,13.6,NULL),(151,NULL,11032208,20190009,14.2,NULL),(152,NULL,11032208,20190010,13.9,NULL),(153,NULL,11032208,20190023,14.6,NULL),(154,NULL,11032208,20190011,15.2,NULL),(155,NULL,18201521,20180012,16.9,NULL),(156,NULL,18201521,20180001,15.5,NULL),(157,NULL,18201521,20180002,12.8,NULL),(158,NULL,18201521,20180003,14,NULL),(159,NULL,18201521,20180005,14.6,NULL),(160,NULL,18201521,20180013,18.3,NULL),(161,NULL,18201521,20190005,15.3,NULL),(162,NULL,18201521,20180014,15.6,NULL),(163,NULL,18201521,20190006,17.3,NULL),(164,NULL,18201521,20190015,16.5,NULL),(165,NULL,18201521,20180016,16.5,NULL),(166,NULL,18201521,20190017,15.6,NULL),(167,NULL,18201521,20190018,17,NULL),(168,NULL,18201521,20190019,16.3,NULL),(169,NULL,18201521,20180019,17.8,NULL),(170,NULL,18201521,20190021,15.8,NULL),(171,NULL,18201521,20180009,13,NULL),(172,NULL,18201521,20180021,15.4,NULL),(173,NULL,18201521,20190008,18.2,NULL),(174,NULL,18201521,20190009,17.1,NULL),(175,NULL,18201521,20190010,15.5,NULL),(176,NULL,18201521,20190023,15.4,NULL),(177,NULL,40003570,20180012,14.3,NULL),(178,NULL,40003570,20180001,15.9,NULL),(179,NULL,40003570,20180002,14.1,NULL),(180,NULL,40003570,20180003,15.8,NULL),(181,NULL,40003570,20180005,15.6,NULL),(182,NULL,40003570,20180013,17.9,NULL),(183,NULL,40003570,20190005,15.1,NULL),(184,NULL,40003570,20180014,13.6,NULL),(185,NULL,40003570,20190006,14.1,NULL),(186,NULL,40003570,20190015,12,NULL),(187,NULL,40003570,20180016,15.4,NULL),(188,NULL,40003570,20190017,15.8,NULL),(189,NULL,40003570,20190018,11.5,NULL),(190,NULL,40003570,20190019,13.3,NULL),(191,NULL,40003570,20180019,15.8,NULL),(192,NULL,40003570,20190021,14.8,NULL),(193,NULL,40003570,20180009,12.8,NULL),(194,NULL,40003570,20180021,13.8,NULL),(195,NULL,40003570,20190009,15.2,NULL),(196,NULL,40003570,20190010,13.9,NULL),(197,NULL,40003570,20190023,14.6,NULL),(198,NULL,40003570,20190011,15.8,NULL),(199,NULL,40011098,20180012,15.9,NULL),(200,NULL,40011098,20180001,14.1,NULL),(201,NULL,40011098,20180002,15.1,NULL),(202,NULL,40011098,20180003,17.1,NULL),(203,NULL,40011098,20180005,15.7,NULL),(204,NULL,40011098,20180013,16,NULL),(205,NULL,40011098,20190005,14.6,NULL),(206,NULL,40011098,20180014,13.6,NULL),(207,NULL,40011098,20190006,15,NULL),(208,NULL,40011098,20190015,12.2,NULL),(209,NULL,40011098,20180016,17.6,NULL),(210,NULL,40011098,20190017,14.4,NULL),(211,NULL,40011098,20190018,15.3,NULL),(212,NULL,40011098,20190019,12,NULL),(213,NULL,40011098,20180019,14.5,NULL),(214,NULL,40011098,20190021,11.5,NULL),(215,NULL,40011098,20180009,13.4,NULL),(216,NULL,40011098,20180021,9.5,NULL),(217,NULL,40011098,20190008,16.4,NULL),(218,NULL,40011098,20190009,11.8,NULL),(219,NULL,40011098,20190010,12.8,NULL),(220,NULL,40011098,20190023,12.3,NULL),(221,NULL,40452577,20180012,15.4,NULL),(222,NULL,40452577,20180001,12.5,NULL),(223,NULL,40452577,20180002,14.9,NULL),(224,NULL,40452577,20180003,13.8,NULL),(225,NULL,40452577,20180005,11.9,NULL),(226,NULL,40452577,20180013,16,NULL),(227,NULL,40452577,20190005,12.1,NULL),(228,NULL,40452577,20180014,12.5,NULL),(229,NULL,40452577,20190006,12.4,NULL),(230,NULL,40452577,20190015,12.1,NULL),(231,NULL,40452577,20180016,14.6,NULL),(232,NULL,40452577,20190017,14.4,NULL),(233,NULL,40452577,20190018,15.8,NULL),(234,NULL,40452577,20190019,11.4,NULL),(235,NULL,40452577,20180019,16,NULL),(236,NULL,40452577,20190021,13.8,NULL),(237,NULL,40452577,20180009,13.4,NULL),(238,NULL,40452577,20180021,9,NULL),(239,NULL,40452577,20190008,12.8,NULL),(240,NULL,40452577,20190009,14.2,NULL),(241,NULL,40452577,20190010,13,NULL),(242,NULL,40452577,20190023,13.2,NULL),(243,NULL,40604337,20180012,15.3,NULL),(244,NULL,40604337,20180001,15.4,NULL),(245,NULL,40604337,20180002,16.1,NULL),(246,NULL,40604337,20180003,15.3,NULL),(247,NULL,40604337,20180005,13.7,NULL),(248,NULL,40604337,20180013,17.5,NULL),(249,NULL,40604337,20190005,14.8,NULL),(250,NULL,40604337,20180014,13.4,NULL),(251,NULL,40604337,20190006,14.8,NULL),(252,NULL,40604337,20190015,12.9,NULL),(253,NULL,40604337,20180016,16.7,NULL),(254,NULL,40604337,20190017,14.4,NULL),(255,NULL,40604337,20190018,14.5,NULL),(256,NULL,40604337,20190019,10.9,NULL),(257,NULL,40604337,20180019,15,NULL),(258,NULL,40604337,20190021,13.8,NULL),(259,NULL,40604337,20180009,13.6,NULL),(260,NULL,40604337,20180021,9.1,NULL),(261,NULL,40604337,20190008,17,NULL),(262,NULL,40604337,20190009,15.7,NULL),(263,NULL,40604337,20190010,13.4,NULL),(264,NULL,40604337,20190023,13.2,NULL),(265,NULL,40843231,20180012,16.1,NULL),(266,NULL,40843231,20180001,12.6,NULL),(267,NULL,40843231,20180002,15.2,NULL),(268,NULL,40843231,20180003,13.6,NULL),(269,NULL,40843231,20180005,15.8,NULL),(270,NULL,40843231,20180013,18,NULL),(271,NULL,40843231,20190005,12.3,NULL),(272,NULL,40843231,20180014,13.1,NULL),(273,NULL,40843231,20190006,15,NULL),(274,NULL,40843231,20190015,16.4,NULL),(275,NULL,40843231,20180016,14.8,NULL),(276,NULL,40843231,20190017,15.8,NULL),(277,NULL,40843231,20190018,17.5,NULL),(278,NULL,40843231,20190019,14.3,NULL),(279,NULL,40843231,20180019,16.3,NULL),(280,NULL,40843231,20190021,18.3,NULL),(281,NULL,40843231,20180009,16.5,NULL),(282,NULL,40843231,20180021,15.1,NULL),(283,NULL,40843231,20190008,18.2,NULL),(284,NULL,40843231,20190009,16.3,NULL),(285,NULL,40843231,20190010,16.1,NULL),(286,NULL,40843231,20190023,16,NULL),(287,NULL,40932093,20180012,14.1,NULL),(288,NULL,40932093,20180001,15.5,NULL),(289,NULL,40932093,20180002,14.8,NULL),(290,NULL,40932093,20180003,16.1,NULL),(291,NULL,40932093,20180005,15.2,NULL),(292,NULL,40932093,20180013,18.5,NULL),(293,NULL,40932093,20190005,12.8,NULL),(294,NULL,40932093,20180014,13,NULL),(295,NULL,40932093,20190006,12.5,NULL),(296,NULL,40932093,20190015,10.8,NULL),(297,NULL,40932093,20180016,17.4,NULL),(298,NULL,40932093,20190017,14.4,NULL),(299,NULL,40932093,20190018,15.9,NULL),(300,NULL,40932093,20190019,14.4,NULL),(301,NULL,40932093,20180019,16.8,NULL),(302,NULL,40932093,20190021,13.5,NULL),(303,NULL,40932093,20180009,13,NULL),(304,NULL,40932093,20180021,13.4,NULL),(305,NULL,40932093,20190009,14.5,NULL),(306,NULL,40932093,20190010,13.9,NULL),(307,NULL,40932093,20190023,12.9,NULL),(308,NULL,40932093,20190011,15.3,NULL),(309,NULL,40962847,20180012,13,NULL),(310,NULL,40962847,20180001,14.8,NULL),(311,NULL,40962847,20180002,15.3,NULL),(312,NULL,40962847,20180003,15.5,NULL),(313,NULL,40962847,20180005,13,NULL),(314,NULL,40962847,20180013,17,NULL),(315,NULL,40962847,20190005,12.5,NULL),(316,NULL,40962847,20180014,13.7,NULL),(317,NULL,40962847,20190006,16.9,NULL),(318,NULL,40962847,20190015,15.3,NULL),(319,NULL,40962847,20180016,14.8,NULL),(320,NULL,40962847,20190017,17.2,NULL),(321,NULL,40962847,20190018,14.9,NULL),(322,NULL,40962847,20190019,13.5,NULL),(323,NULL,40962847,20180019,16,NULL),(324,NULL,40962847,20190021,15.3,NULL),(325,NULL,40962847,20180009,14.1,NULL),(326,NULL,40962847,20180021,13.6,NULL),(327,NULL,40962847,20190009,15.7,NULL),(328,NULL,40962847,20190010,15.8,NULL),(329,NULL,40962847,20190023,16.3,NULL),(330,NULL,40962847,20190011,13.9,NULL),(331,NULL,41003839,20180012,12.6,NULL),(332,NULL,41003839,20180001,15.7,NULL),(333,NULL,41003839,20180002,14.4,NULL),(334,NULL,41003839,20180003,16.1,NULL),(335,NULL,41003839,20180005,16.9,NULL),(336,NULL,41003839,20180013,17.6,NULL),(337,NULL,41003839,20190005,14.8,NULL),(338,NULL,41003839,20180014,14.6,NULL),(339,NULL,41003839,20190006,12.2,NULL),(340,NULL,41003839,20190015,12.9,NULL),(341,NULL,41003839,20180016,15.5,NULL),(342,NULL,41003839,20190017,15.4,NULL),(343,NULL,41003839,20190018,16.8,NULL),(344,NULL,41003839,20190019,11.7,NULL),(345,NULL,41003839,20180019,15.5,NULL),(346,NULL,41003839,20190021,14.8,NULL),(347,NULL,41003839,20180009,13.8,NULL),(348,NULL,41003839,20180021,13.4,NULL),(349,NULL,41003839,20190008,17.2,NULL),(350,NULL,41003839,20190009,14.5,NULL),(351,NULL,41003839,20190010,15.4,NULL),(352,NULL,41003839,20190023,15.8,NULL),(353,NULL,41261208,20180012,15.1,NULL),(354,NULL,41261208,20180001,17.5,NULL),(355,NULL,41261208,20180002,17.1,NULL),(356,NULL,41261208,20180003,16.6,NULL),(357,NULL,41261208,20180005,16.7,NULL),(358,NULL,41261208,20180013,18,NULL),(359,NULL,41261208,20190005,16.5,NULL),(360,NULL,41261208,20180014,15.2,NULL),(361,NULL,41261208,20190006,17.3,NULL),(362,NULL,41261208,20190015,16.8,NULL),(363,NULL,41261208,20180016,19,NULL),(364,NULL,41261208,20190017,14.6,NULL),(365,NULL,41261208,20190018,15.1,NULL),(366,NULL,41261208,20190019,15.8,NULL),(367,NULL,41261208,20180019,17.3,NULL),(368,NULL,41261208,20190021,18.5,NULL),(369,NULL,41261208,20180009,16.1,NULL),(370,NULL,41261208,20180021,13.8,NULL),(371,NULL,41261208,20190008,18.4,NULL),(372,NULL,41261208,20190009,16.3,NULL),(373,NULL,41261208,20190010,14.5,NULL),(374,NULL,41261208,20190023,16.2,NULL),(375,NULL,41642204,20180012,13.2,NULL),(376,NULL,41642204,20180001,15.8,NULL),(377,NULL,41642204,20180002,14.8,NULL),(378,NULL,41642204,20180003,14.9,NULL),(379,NULL,41642204,20180005,14.4,NULL),(380,NULL,41642204,20180013,18.5,NULL),(381,NULL,41642204,20190005,13.9,NULL),(382,NULL,41642204,20180014,12.1,NULL),(383,NULL,41642204,20190006,12.3,NULL),(384,NULL,41642204,20190015,12.1,NULL),(385,NULL,41642204,20180016,17.9,NULL),(386,NULL,41642204,20190017,13.8,NULL),(387,NULL,41642204,20190018,15,NULL),(388,NULL,41642204,20190019,15.8,NULL),(389,NULL,41642204,20180019,17.3,NULL),(390,NULL,41642204,20190021,17,NULL),(391,NULL,41642204,20180009,14,NULL),(392,NULL,41642204,20180021,14,NULL),(393,NULL,41642204,20190008,11.6,NULL),(394,NULL,41642204,20190009,16,NULL),(395,NULL,41642204,20190010,14.9,NULL),(396,NULL,41642204,20190023,12.9,NULL),(397,NULL,42422692,20180012,15.4,NULL),(398,NULL,42422692,20180001,12.5,NULL),(399,NULL,42422692,20180002,15.2,NULL),(400,NULL,42422692,20180003,15.9,NULL),(401,NULL,42422692,20180005,15.2,NULL),(402,NULL,42422692,20180013,16.3,NULL),(403,NULL,42422692,20190005,13.2,NULL),(404,NULL,42422692,20180014,14.9,NULL),(405,NULL,42422692,20190006,13.7,NULL),(406,NULL,42422692,20190015,13,NULL),(407,NULL,42422692,20180016,17.2,NULL),(408,NULL,42422692,20190017,14,NULL),(409,NULL,42422692,20190018,15.5,NULL),(410,NULL,42422692,20190019,12,NULL),(411,NULL,42422692,20180019,15.8,NULL),(412,NULL,42422692,20190021,18,NULL),(413,NULL,42422692,20180009,14.1,NULL),(414,NULL,42422692,20180021,9.6,NULL),(415,NULL,42422692,20190008,16.4,NULL),(416,NULL,42422692,20190009,13.5,NULL),(417,NULL,42422692,20190010,13.1,NULL),(418,NULL,42422692,20190023,13.2,NULL),(419,NULL,45148837,20180012,13.1,NULL),(420,NULL,45148837,20180001,16.4,NULL),(421,NULL,45148837,20180002,16.1,NULL),(422,NULL,45148837,20180003,16.2,NULL),(423,NULL,45148837,20180005,15.9,NULL),(424,NULL,45148837,20180013,16.7,NULL),(425,NULL,45148837,20190005,15.1,NULL),(426,NULL,45148837,20180014,13.5,NULL),(427,NULL,45148837,20190006,13.8,NULL),(428,NULL,45148837,20190015,10.4,NULL),(429,NULL,45148837,20180016,16.3,NULL),(430,NULL,45148837,20190017,15,NULL),(431,NULL,45148837,20190018,15.3,NULL),(432,NULL,45148837,20190019,14.2,NULL),(433,NULL,45148837,20180019,15.8,NULL),(434,NULL,45148837,20190021,15.8,NULL),(435,NULL,45148837,20180009,13,NULL),(436,NULL,45148837,20180021,14.6,NULL),(437,NULL,45148837,20190009,17,NULL),(438,NULL,45148837,20190010,15.8,NULL),(439,NULL,45148837,20190023,15.8,NULL),(440,NULL,45148837,20190011,14.4,NULL),(441,NULL,48900148,20180012,12.9,NULL),(442,NULL,48900148,20180001,14.9,NULL),(443,NULL,48900148,20180002,14.4,NULL),(444,NULL,48900148,20180003,12.4,NULL),(445,NULL,48900148,20180005,13.8,NULL),(446,NULL,48900148,20180013,16.7,NULL),(447,NULL,48900148,20190005,12,NULL),(448,NULL,48900148,20180014,11.6,NULL),(449,NULL,48900148,20190006,12.8,NULL),(450,NULL,48900148,20190015,10.7,NULL),(451,NULL,48900148,20180016,13.4,NULL),(452,NULL,48900148,20190017,14.6,NULL),(453,NULL,48900148,20190018,17.4,NULL),(454,NULL,48900148,20190019,14.6,NULL),(455,NULL,48900148,20180019,15.3,NULL),(456,NULL,48900148,20190021,17.7,NULL),(457,NULL,48900148,20180009,12.5,NULL),(458,NULL,48900148,20180021,13.9,NULL),(459,NULL,48900148,20190008,15.3,NULL),(460,NULL,48900148,20190009,14.5,NULL),(461,NULL,48900148,20190010,15.8,NULL),(462,NULL,48900148,20190023,15.8,NULL),(463,NULL,80609598,20180012,16.8,NULL),(464,NULL,80609598,20180001,13.4,NULL),(465,NULL,80609598,20180002,17.5,NULL),(466,NULL,80609598,20180003,16.3,NULL),(467,NULL,80609598,20180005,17.8,NULL),(468,NULL,80609598,20180013,18,NULL),(469,NULL,80609598,20190005,13.9,NULL),(470,NULL,80609598,20180014,12.6,NULL),(471,NULL,80609598,20190006,14.4,NULL),(472,NULL,80609598,20190015,15.4,NULL),(473,NULL,80609598,20180016,16.7,NULL),(474,NULL,80609598,20190017,16.4,NULL),(475,NULL,80609598,20190018,16.9,NULL),(476,NULL,80609598,20190019,16,NULL),(477,NULL,80609598,20180019,18.5,NULL),(478,NULL,80609598,20190021,16,NULL),(479,NULL,80609598,20180009,16.9,NULL),(480,NULL,80609598,20180021,16,NULL),(481,NULL,80609598,20190009,16.7,NULL),(482,NULL,80609598,20190010,15.4,NULL),(483,NULL,80609598,20190023,16,NULL),(484,NULL,80609598,20190011,15.8,NULL),(485,NULL,1157458,20190012,11.5,NULL),(486,NULL,1157458,20190001,18,NULL),(487,NULL,1157458,20190002,12.8,NULL),(488,NULL,1157458,20190003,13.7,NULL),(489,NULL,1157458,20190004,16.9,NULL),(490,NULL,1157458,20190013,14.6,NULL),(491,NULL,1157458,20200005,13.4,NULL),(492,NULL,1157458,20190014,14.9,NULL),(493,NULL,1157458,20200006,12,NULL),(494,NULL,1157458,20200019,14.2,NULL),(495,NULL,1157458,20190016,15.2,NULL),(496,NULL,1157458,20200011,15.8,NULL),(497,NULL,1157458,20200012,17.1,NULL),(498,NULL,1157458,20190020,17.4,NULL),(499,NULL,1157458,20200013,16.9,NULL),(500,NULL,1157458,20190007,16.2,NULL),(501,NULL,1157458,20190022,15.5,NULL),(502,NULL,1157458,20200008,10,NULL),(503,NULL,1157458,20200009,15.1,NULL),(504,NULL,1157458,20200010,17,NULL),(505,NULL,1157458,20200014,17.2,NULL),(506,NULL,1157458,20200015,14.6,NULL),(507,NULL,9536194,20190012,14.5,NULL),(508,NULL,9536194,20190001,15.7,NULL),(509,NULL,9536194,20190002,14.5,NULL),(510,NULL,9536194,20190003,13.5,NULL),(511,NULL,9536194,20190004,13.7,NULL),(512,NULL,9536194,20190013,14.8,NULL),(513,NULL,9536194,20200005,14.5,NULL),(514,NULL,9536194,20190014,16.4,NULL),(515,NULL,9536194,20200006,15.4,NULL),(516,NULL,9536194,20200019,15.9,NULL),(517,NULL,9536194,20190016,17.2,NULL),(518,NULL,9536194,20200011,15.7,NULL),(519,NULL,9536194,20200012,15.1,NULL),(520,NULL,9536194,20190020,15.4,NULL),(521,NULL,9536194,20200013,15.5,NULL),(522,NULL,9536194,20190007,13.5,NULL),(523,NULL,9536194,20190022,12.7,NULL),(524,NULL,9536194,20200008,16.6,NULL),(525,NULL,9536194,20200009,16.7,NULL),(526,NULL,9536194,20200010,15.8,NULL),(527,NULL,9536194,20200014,17.7,NULL),(528,NULL,9536194,20200015,14.6,NULL),(529,NULL,10600048,20190012,14,NULL),(530,NULL,10600048,20190001,14.7,NULL),(531,NULL,10600048,20190002,12.7,NULL),(532,NULL,10600048,20190003,13,NULL),(533,NULL,10600048,20190004,14,NULL),(534,NULL,10600048,20190013,16,NULL),(535,NULL,10600048,20200005,15,NULL),(536,NULL,10600048,20190014,14.8,NULL),(537,NULL,10600048,20200006,14.1,NULL),(538,NULL,10600048,20200019,14.5,NULL),(539,NULL,10600048,20190016,17.6,NULL),(540,NULL,10600048,20200011,16.9,NULL),(541,NULL,10600048,20200012,14.6,NULL),(542,NULL,10600048,20190020,15,NULL),(543,NULL,10600048,20200013,16.8,NULL),(544,NULL,10600048,20190007,12.4,NULL),(545,NULL,10600048,20190022,12,NULL),(546,NULL,10600048,20200008,11,NULL),(547,NULL,10600048,20200009,17,NULL),(548,NULL,10600048,20200010,15.8,NULL),(549,NULL,10600048,20200014,18,NULL),(550,NULL,10600048,20200015,15.4,NULL),(551,NULL,15390825,20190012,14,NULL),(552,NULL,15390825,20190001,14.5,NULL),(553,NULL,15390825,20190002,10.9,NULL),(554,NULL,15390825,20190003,12.7,NULL),(555,NULL,15390825,20190004,12,NULL),(556,NULL,15390825,20190013,12.3,NULL),(557,NULL,15390825,20200005,12.5,NULL),(558,NULL,15390825,20190014,12.8,NULL),(559,NULL,15390825,20200006,15,NULL),(560,NULL,15390825,20200019,13.7,NULL),(561,NULL,15390825,20190016,11.3,NULL),(562,NULL,15390825,20200011,13.7,NULL),(563,NULL,15390825,20200012,12.2,NULL),(564,NULL,15390825,20190020,17.3,NULL),(565,NULL,15390825,20200013,17.4,NULL),(566,NULL,15390825,20190007,13.5,NULL),(567,NULL,15390825,20190022,13.3,NULL),(568,NULL,15390825,20200008,12.7,NULL),(569,NULL,15390825,20200009,15.2,NULL),(570,NULL,15390825,20200010,13,NULL),(571,NULL,15390825,20200014,13.4,NULL),(572,NULL,15390825,20200015,12,NULL),(573,NULL,20116956,20190012,16,NULL),(574,NULL,20116956,20190001,15.3,NULL),(575,NULL,20116956,20190002,10.3,NULL),(576,NULL,20116956,20190003,15.1,NULL),(577,NULL,20116956,20190004,14.8,NULL),(578,NULL,20116956,20190013,15.3,NULL),(579,NULL,20116956,20200005,10.8,NULL),(580,NULL,20116956,20190014,13.8,NULL),(581,NULL,20116956,20200006,15.8,NULL),(582,NULL,20116956,20200019,16.1,NULL),(583,NULL,20116956,20190016,11.3,NULL),(584,NULL,20116956,20200011,16.2,NULL),(585,NULL,20116956,20200012,14.9,NULL),(586,NULL,20116956,20190020,15.8,NULL),(587,NULL,20116956,20200013,15.3,NULL),(588,NULL,20116956,20190007,14.4,NULL),(589,NULL,20116956,20190022,15.4,NULL),(590,NULL,20116956,20200008,17.5,NULL),(591,NULL,20116956,20200009,16.8,NULL),(592,NULL,20116956,20200010,17.3,NULL),(593,NULL,20116956,20200014,16.3,NULL),(594,NULL,20116956,20200015,13.6,NULL),(595,NULL,23986687,20190012,15.5,NULL),(596,NULL,23986687,20190001,16.6,NULL),(597,NULL,23986687,20190002,17.3,NULL),(598,NULL,23986687,20190003,14.2,NULL),(599,NULL,23986687,20190004,17.3,NULL),(600,NULL,23986687,20190013,15.2,NULL),(601,NULL,23986687,20200005,12.9,NULL),(602,NULL,23986687,20190014,16.6,NULL),(603,NULL,23986687,20200006,15.5,NULL),(604,NULL,23986687,20200019,15.3,NULL),(605,NULL,23986687,20190016,16.9,NULL),(606,NULL,23986687,20200011,16.3,NULL),(607,NULL,23986687,20200012,16.4,NULL),(608,NULL,23986687,20190020,15.4,NULL),(609,NULL,23986687,20200013,16.7,NULL),(610,NULL,23986687,20190007,15,NULL),(611,NULL,23986687,20190022,15,NULL),(612,NULL,23986687,20200008,17.3,NULL),(613,NULL,23986687,20200009,15.8,NULL),(614,NULL,23986687,20200010,12.6,NULL),(615,NULL,23986687,20200014,14.7,NULL),(616,NULL,23986687,20200015,16.2,NULL),(617,NULL,25844663,20190012,15.5,NULL),(618,NULL,25844663,20190001,15.9,NULL),(619,NULL,25844663,20190002,14.4,NULL),(620,NULL,25844663,20190003,12.8,NULL),(621,NULL,25844663,20190004,13.9,NULL),(622,NULL,25844663,20190013,15.2,NULL),(623,NULL,25844663,20200005,13.7,NULL),(624,NULL,25844663,20190014,12.1,NULL),(625,NULL,25844663,20200006,13.8,NULL),(626,NULL,25844663,20200019,13.2,NULL),(627,NULL,25844663,20190016,16.2,NULL),(628,NULL,25844663,20200011,16.1,NULL),(629,NULL,25844663,20200012,16.5,NULL),(630,NULL,25844663,20190020,14.4,NULL),(631,NULL,25844663,20200013,17.3,NULL),(632,NULL,25844663,20190007,13.4,NULL),(633,NULL,25844663,20190022,12.5,NULL),(634,NULL,25844663,20200008,16.3,NULL),(635,NULL,25844663,20200009,14.4,NULL),(636,NULL,25844663,20200010,13,NULL),(637,NULL,25844663,20200014,13.4,NULL),(638,NULL,25844663,20200015,13.8,NULL),(639,NULL,40029246,20190012,16,NULL),(640,NULL,40029246,20190001,17.4,NULL),(641,NULL,40029246,20190002,15.2,NULL),(642,NULL,40029246,20190003,15.9,NULL),(643,NULL,40029246,20190004,17.6,NULL),(644,NULL,40029246,20190013,17,NULL),(645,NULL,40029246,20200005,13.1,NULL),(646,NULL,40029246,20190014,16.5,NULL),(647,NULL,40029246,20200006,16.9,NULL),(648,NULL,40029246,20200019,14.7,NULL),(649,NULL,40029246,20190016,16.9,NULL),(650,NULL,40029246,20200011,15.9,NULL),(651,NULL,40029246,20200012,11.5,NULL),(652,NULL,40029246,20190020,18.8,NULL),(653,NULL,40029246,20200013,14.5,NULL),(654,NULL,40029246,20190007,15.8,NULL),(655,NULL,40029246,20190022,16.6,NULL),(656,NULL,40029246,20200008,19.5,NULL),(657,NULL,40029246,20200009,16,NULL),(658,NULL,40029246,20200010,17.3,NULL),(659,NULL,40029246,20200014,17.2,NULL),(660,NULL,40029246,20200015,13,NULL),(661,NULL,40229605,20190012,14.5,NULL),(662,NULL,40229605,20190001,15.1,NULL),(663,NULL,40229605,20190002,12.6,NULL),(664,NULL,40229605,20190003,12.9,NULL),(665,NULL,40229605,20190004,14.9,NULL),(666,NULL,40229605,20190013,15.7,NULL),(667,NULL,40229605,20200005,14.4,NULL),(668,NULL,40229605,20190014,13.4,NULL),(669,NULL,40229605,20200006,16,NULL),(670,NULL,40229605,20200019,15.8,NULL),(671,NULL,40229605,20190016,15.5,NULL),(672,NULL,40229605,20200011,16,NULL),(673,NULL,40229605,20200012,16.1,NULL),(674,NULL,40229605,20190020,16.6,NULL),(675,NULL,40229605,20200013,14.5,NULL),(676,NULL,40229605,20190007,14.1,NULL),(677,NULL,40229605,20190022,12.5,NULL),(678,NULL,40229605,20200008,16.5,NULL),(679,NULL,40229605,20200009,16.3,NULL),(680,NULL,40229605,20200010,15.8,NULL),(681,NULL,40229605,20200014,18,NULL),(682,NULL,40229605,20200015,12.2,NULL),(683,NULL,40561380,20190012,16.5,NULL),(684,NULL,40561380,20190001,17.4,NULL),(685,NULL,40561380,20190002,15.5,NULL),(686,NULL,40561380,20190003,15.6,NULL),(687,NULL,40561380,20190004,17.3,NULL),(688,NULL,40561380,20190013,16.7,NULL),(689,NULL,40561380,20200005,15,NULL),(690,NULL,40561380,20190014,17.7,NULL),(691,NULL,40561380,20200006,16.6,NULL),(692,NULL,40561380,20200019,15.8,NULL),(693,NULL,40561380,20190016,17.2,NULL),(694,NULL,40561380,20200011,18.2,NULL),(695,NULL,40561380,20200012,17.6,NULL),(696,NULL,40561380,20190020,17.3,NULL),(697,NULL,40561380,20200013,18.2,NULL),(698,NULL,40561380,20190007,16.4,NULL),(699,NULL,40561380,20190022,16.6,NULL),(700,NULL,40561380,20200008,19.5,NULL),(701,NULL,40561380,20200009,17.4,NULL),(702,NULL,40561380,20200010,17.5,NULL),(703,NULL,40561380,20200014,17.5,NULL),(704,NULL,40561380,20200015,14.1,NULL),(705,NULL,40873225,20190012,11,NULL),(706,NULL,40873225,20190001,16.6,NULL),(707,NULL,40873225,20190002,11.9,NULL),(708,NULL,40873225,20190003,12.5,NULL),(709,NULL,40873225,20190004,16.1,NULL),(710,NULL,40873225,20190013,13.8,NULL),(711,NULL,40873225,20200005,13.3,NULL),(712,NULL,40873225,20190014,13.4,NULL),(713,NULL,40873225,20200006,15.5,NULL),(714,NULL,40873225,20200019,15.9,NULL),(715,NULL,40873225,20190016,17.6,NULL),(716,NULL,40873225,20200011,17.3,NULL),(717,NULL,40873225,20200012,17.1,NULL),(718,NULL,40873225,20190020,15.6,NULL),(719,NULL,40873225,20200013,15.4,NULL),(720,NULL,40873225,20190007,16,NULL),(721,NULL,40873225,20190022,15.6,NULL),(722,NULL,40873225,20200008,19,NULL),(723,NULL,40873225,20200009,16.1,NULL),(724,NULL,40873225,20200010,17.1,NULL),(725,NULL,40873225,20200014,16.9,NULL),(726,NULL,40873225,20200015,11.5,NULL),(727,NULL,40945512,20190012,15.5,NULL),(728,NULL,40945512,20190001,14.3,NULL),(729,NULL,40945512,20190002,13.1,NULL),(730,NULL,40945512,20190003,14.7,NULL),(731,NULL,40945512,20190004,15.4,NULL),(732,NULL,40945512,20190013,17.8,NULL),(733,NULL,40945512,20200005,8.6,NULL),(734,NULL,40945512,20190014,12.2,NULL),(735,NULL,40945512,20200006,9.7,NULL),(736,NULL,40945512,20200019,12.7,NULL),(737,NULL,40945512,20190016,17,NULL),(738,NULL,40945512,20200011,15.8,NULL),(739,NULL,40945512,20200012,16,NULL),(740,NULL,40945512,20190020,16.1,NULL),(741,NULL,40945512,20200013,14.8,NULL),(742,NULL,40945512,20190007,13.4,NULL),(743,NULL,40945512,20190022,13.2,NULL),(744,NULL,40945512,20200008,16.3,NULL),(745,NULL,40945512,20200009,12.4,NULL),(746,NULL,40945512,20200010,13,NULL),(747,NULL,40945512,20200014,13.4,NULL),(748,NULL,40945512,20200015,12.9,NULL),(749,NULL,41438738,20190012,11,NULL),(750,NULL,41438738,20190001,16,NULL),(751,NULL,41438738,20190002,11.9,NULL),(752,NULL,41438738,20190003,14.6,NULL),(753,NULL,41438738,20190004,16.1,NULL),(754,NULL,41438738,20190013,15.8,NULL),(755,NULL,41438738,20200005,13.9,NULL),(756,NULL,41438738,20190014,14,NULL),(757,NULL,41438738,20200006,16.6,NULL),(758,NULL,41438738,20200019,14.9,NULL),(759,NULL,41438738,20190016,14.4,NULL),(760,NULL,41438738,20200011,16.1,NULL),(761,NULL,41438738,20200012,15.4,NULL),(762,NULL,41438738,20190020,13.5,NULL),(763,NULL,41438738,20200013,16,NULL),(764,NULL,41438738,20190007,16.2,NULL),(765,NULL,41438738,20190022,13.6,NULL),(766,NULL,41438738,20200008,17.8,NULL),(767,NULL,41438738,20200009,16.2,NULL),(768,NULL,41438738,20200010,17.2,NULL),(769,NULL,41438738,20200014,16.3,NULL),(770,NULL,41438738,20200015,13.7,NULL),(771,NULL,41479884,20190012,19,NULL),(772,NULL,41479884,20190001,19.4,NULL),(773,NULL,41479884,20190002,18.6,NULL),(774,NULL,41479884,20190003,18.3,NULL),(775,NULL,41479884,20190004,17.1,NULL),(776,NULL,41479884,20190013,18.3,NULL),(777,NULL,41479884,20200005,17.2,NULL),(778,NULL,41479884,20190014,18.2,NULL),(779,NULL,41479884,20200006,18.4,NULL),(780,NULL,41479884,20200019,17,NULL),(781,NULL,41479884,20190016,19.7,NULL),(782,NULL,41479884,20200011,17.6,NULL),(783,NULL,41479884,20200012,16.8,NULL),(784,NULL,41479884,20190020,19.5,NULL),(785,NULL,41479884,20200013,19.2,NULL),(786,NULL,41479884,20190007,18,NULL),(787,NULL,41479884,20190022,17.5,NULL),(788,NULL,41479884,20200008,19.5,NULL),(789,NULL,41479884,20200009,18.3,NULL),(790,NULL,41479884,20200010,18.5,NULL),(791,NULL,41479884,20200014,17.9,NULL),(792,NULL,41479884,20200015,15.4,NULL),(793,NULL,41615836,20190012,13,NULL),(794,NULL,41615836,20190001,16.8,NULL),(795,NULL,41615836,20190002,12.6,NULL),(796,NULL,41615836,20190003,11.8,NULL),(797,NULL,41615836,20190004,15.5,NULL),(798,NULL,41615836,20190013,13.7,NULL),(799,NULL,41615836,20200005,13.6,NULL),(800,NULL,41615836,20190014,13.9,NULL),(801,NULL,41615836,20200006,15.6,NULL),(802,NULL,41615836,20200019,12.8,NULL),(803,NULL,41615836,20190016,8.7,NULL),(804,NULL,41615836,20200011,16.5,NULL),(805,NULL,41615836,20200012,12.2,NULL),(806,NULL,41615836,20190020,15.5,NULL),(807,NULL,41615836,20200013,17.3,NULL),(808,NULL,41615836,20190007,15.4,NULL),(809,NULL,41615836,20190022,13.2,NULL),(810,NULL,41615836,20200008,18.3,NULL),(811,NULL,41615836,20200009,16.2,NULL),(812,NULL,41615836,20200010,17.2,NULL),(813,NULL,41615836,20200014,16.3,NULL),(814,NULL,41615836,20200015,13.3,NULL),(815,NULL,41737035,20190012,15.5,NULL),(816,NULL,41737035,20190001,15,NULL),(817,NULL,41737035,20190002,12,NULL),(818,NULL,41737035,20190003,12.3,NULL),(819,NULL,41737035,20190004,16.4,NULL),(820,NULL,41737035,20190013,16.7,NULL),(821,NULL,41737035,20200005,12.2,NULL),(822,NULL,41737035,20190014,16.2,NULL),(823,NULL,41737035,20200006,13.4,NULL),(824,NULL,41737035,20200019,14.8,NULL),(825,NULL,41737035,20190016,15.8,NULL),(826,NULL,41737035,20200011,15.6,NULL),(827,NULL,41737035,20200012,15.8,NULL),(828,NULL,41737035,20190020,14,NULL),(829,NULL,41737035,20200013,13.9,NULL),(830,NULL,41737035,20190007,12.3,NULL),(831,NULL,41737035,20190022,13.8,NULL),(832,NULL,41737035,20200008,16.8,NULL),(833,NULL,41737035,20200009,14.7,NULL),(834,NULL,41737035,20200010,13,NULL),(835,NULL,41737035,20200014,13.4,NULL),(836,NULL,41737035,20200015,12.9,NULL),(837,NULL,41771305,20190001,18.9,NULL),(838,NULL,41771305,20190002,15.8,NULL),(839,NULL,41771305,20190003,14.1,NULL),(840,NULL,41771305,20190004,17.3,NULL),(841,NULL,41771305,20190007,17.2,NULL),(842,NULL,41801381,20190012,16,NULL),(843,NULL,41801381,20190001,16.3,NULL),(844,NULL,41801381,20190002,17.3,NULL),(845,NULL,41801381,20190003,15.6,NULL),(846,NULL,41801381,20190004,17.4,NULL),(847,NULL,41801381,20190013,17.5,NULL),(848,NULL,41801381,20200005,13,NULL),(849,NULL,41801381,20190014,14.4,NULL),(850,NULL,41801381,20200006,15.1,NULL),(851,NULL,41801381,20200019,12.4,NULL),(852,NULL,41801381,20190016,18.4,NULL),(853,NULL,41801381,20200011,15.8,NULL),(854,NULL,41801381,20200012,17,NULL),(855,NULL,41801381,20190020,15.9,NULL),(856,NULL,41801381,20200013,17.5,NULL),(857,NULL,41801381,20190007,15.4,NULL),(858,NULL,41801381,20190022,15.2,NULL),(859,NULL,41801381,20200008,16.6,NULL),(860,NULL,41801381,20200009,15.8,NULL),(861,NULL,41801381,20200010,12.6,NULL),(862,NULL,41801381,20200014,14.7,NULL),(863,NULL,41801381,20200015,14.1,NULL),(864,NULL,41970799,20190012,15.5,NULL),(865,NULL,41970799,20190001,15.4,NULL),(866,NULL,41970799,20190002,14.8,NULL),(867,NULL,41970799,20190003,17.7,NULL),(868,NULL,41970799,20190004,18.4,NULL),(869,NULL,41970799,20190013,16.3,NULL),(870,NULL,41970799,20200005,14.4,NULL),(871,NULL,41970799,20190014,17.1,NULL),(872,NULL,41970799,20200006,15.9,NULL),(873,NULL,41970799,20200019,17.1,NULL),(874,NULL,41970799,20190016,16.7,NULL),(875,NULL,41970799,20200011,17.4,NULL),(876,NULL,41970799,20200012,17.6,NULL),(877,NULL,41970799,20190020,15.5,NULL),(878,NULL,41970799,20200013,16.6,NULL),(879,NULL,41970799,20190007,15.6,NULL),(880,NULL,41970799,20190022,15,NULL),(881,NULL,41970799,20200008,19,NULL),(882,NULL,41970799,20200009,16.8,NULL),(883,NULL,41970799,20200010,17.3,NULL),(884,NULL,41970799,20200014,17.8,NULL),(885,NULL,41970799,20200015,15.8,NULL),(886,NULL,42719335,20190012,16,NULL),(887,NULL,42719335,20190001,18.1,NULL),(888,NULL,42719335,20190002,16.7,NULL),(889,NULL,42719335,20190003,16.3,NULL),(890,NULL,42719335,20190004,17.7,NULL),(891,NULL,42719335,20190013,17.7,NULL),(892,NULL,42719335,20200005,13,NULL),(893,NULL,42719335,20190014,15.9,NULL),(894,NULL,42719335,20200006,15.7,NULL),(895,NULL,42719335,20200019,16.4,NULL),(896,NULL,42719335,20190016,19,NULL),(897,NULL,42719335,20200011,17.1,NULL),(898,NULL,42719335,20200012,17,NULL),(899,NULL,42719335,20190020,19.3,NULL),(900,NULL,42719335,20200013,18.3,NULL),(901,NULL,42719335,20190007,15.7,NULL),(902,NULL,42719335,20190022,14.8,NULL),(903,NULL,42719335,20200008,15.2,NULL),(904,NULL,42719335,20200009,16.2,NULL),(905,NULL,42719335,20200010,12.6,NULL),(906,NULL,42719335,20200014,14.7,NULL),(907,NULL,42719335,20200015,13.9,NULL),(908,NULL,45458523,20190012,19,NULL),(909,NULL,45458523,20190001,17.6,NULL),(910,NULL,45458523,20190002,17.9,NULL),(911,NULL,45458523,20190003,14.9,NULL),(912,NULL,45458523,20190004,18.6,NULL),(913,NULL,45458523,20190013,17.2,NULL),(914,NULL,45458523,20200005,16.4,NULL),(915,NULL,45458523,20190014,17.6,NULL),(916,NULL,45458523,20200006,17.1,NULL),(917,NULL,45458523,20200019,16.5,NULL),(918,NULL,45458523,20190016,19.7,NULL),(919,NULL,45458523,20200011,17,NULL),(920,NULL,45458523,20200012,15.7,NULL),(921,NULL,45458523,20190020,17.8,NULL),(922,NULL,45458523,20200013,17.5,NULL),(923,NULL,45458523,20190007,17.4,NULL),(924,NULL,45458523,20190022,16.4,NULL),(925,NULL,45458523,20200008,19.5,NULL),(926,NULL,45458523,20200009,17.4,NULL),(927,NULL,45458523,20200010,18.5,NULL),(928,NULL,45458523,20200014,17.3,NULL),(929,NULL,45458523,20200015,15.2,NULL),(930,NULL,47351160,20190012,15,NULL),(931,NULL,47351160,20190001,17.9,NULL),(932,NULL,47351160,20190002,15.6,NULL),(933,NULL,47351160,20190003,15.9,NULL),(934,NULL,47351160,20190004,16.5,NULL),(935,NULL,47351160,20190013,17.6,NULL),(936,NULL,47351160,20200005,15.3,NULL),(937,NULL,47351160,20190014,16.9,NULL),(938,NULL,47351160,20200006,18,NULL),(939,NULL,47351160,20200019,17.3,NULL),(940,NULL,47351160,20190016,17.9,NULL),(941,NULL,47351160,20200011,18.2,NULL),(942,NULL,47351160,20200012,16.6,NULL),(943,NULL,47351160,20190020,16.9,NULL),(944,NULL,47351160,20200013,17.9,NULL),(945,NULL,47351160,20190007,17.6,NULL),(946,NULL,47351160,20190022,17.5,NULL),(947,NULL,47351160,20200008,18.8,NULL),(948,NULL,47351160,20200009,17.6,NULL),(949,NULL,47351160,20200010,18.5,NULL),(950,NULL,47351160,20200014,17.3,NULL),(951,NULL,47351160,20200015,14.6,NULL),(952,NULL,71924931,20190012,16.5,NULL),(953,NULL,71924931,20190001,18,NULL),(954,NULL,71924931,20190002,17.9,NULL),(955,NULL,71924931,20190003,16.4,NULL),(956,NULL,71924931,20190004,17.2,NULL),(957,NULL,71924931,20190013,18.2,NULL),(958,NULL,71924931,20200005,12.9,NULL),(959,NULL,71924931,20190014,17.2,NULL),(960,NULL,71924931,20200006,15.4,NULL),(961,NULL,71924931,20200019,14.2,NULL),(962,NULL,71924931,20190016,19,NULL),(963,NULL,71924931,20200011,16.8,NULL),(964,NULL,71924931,20200012,17.2,NULL),(965,NULL,71924931,20190020,16.4,NULL),(966,NULL,71924931,20200013,18.8,NULL),(967,NULL,71924931,20190007,15.8,NULL),(968,NULL,71924931,20190022,15,NULL),(969,NULL,71924931,20200008,17.8,NULL),(970,NULL,71924931,20200009,16.3,NULL),(971,NULL,71924931,20200010,12.6,NULL),(972,NULL,71924931,20200014,15.3,NULL),(973,NULL,71924931,20200015,13.6,NULL),(974,NULL,1325477,20200016,14.8,NULL),(975,NULL,1325477,20200001,15.6,NULL),(976,NULL,1325477,20200002,14.6,NULL),(977,NULL,1325477,20200003,12.8,NULL),(978,NULL,1325477,20200004,13.7,NULL),(979,NULL,1325477,20210005,14.3,NULL),(980,NULL,1325477,20200017,17.7,NULL),(981,NULL,1325477,20210006,12.6,NULL),(982,NULL,1325477,20200018,14,NULL),(983,NULL,1325477,20210007,15.8,NULL),(984,NULL,1325477,20210014,15.2,NULL),(985,NULL,1325477,20200020,13.7,NULL),(986,NULL,1325477,20210016,15.1,NULL),(987,NULL,1325477,20210017,14.2,NULL),(988,NULL,1325477,20200021,19.6,NULL),(989,NULL,1325477,20210019,17.8,NULL),(990,NULL,1325477,20200007,18.8,NULL),(991,NULL,1325477,20200022,16.1,NULL),(992,NULL,1325477,20210009,16.2,NULL),(993,NULL,1325477,20210010,16,NULL),(994,NULL,1325477,20210021,15.1,NULL),(995,NULL,1325477,20210022,12.5,NULL),(996,NULL,10629066,20200016,14.5,NULL),(997,NULL,10629066,20200001,15.4,NULL),(998,NULL,10629066,20200002,16.4,NULL),(999,NULL,10629066,20200003,13.8,NULL),(1000,NULL,10629066,20200004,11,NULL),(1001,NULL,10629066,20210005,12.8,NULL),(1002,NULL,10629066,20200017,16.3,NULL),(1003,NULL,10629066,20210006,13.6,NULL),(1004,NULL,10629066,20200018,14.4,NULL),(1005,NULL,10629066,20210007,12.6,NULL),(1006,NULL,10629066,20210014,13,NULL),(1007,NULL,10629066,20200020,17.5,NULL),(1008,NULL,10629066,20210016,15.6,NULL),(1009,NULL,10629066,20210017,16.3,NULL),(1010,NULL,10629066,20200021,19.7,NULL),(1011,NULL,10629066,20210019,17.9,NULL),(1012,NULL,10629066,20200007,16.2,NULL),(1013,NULL,10629066,20200022,15.6,NULL),(1014,NULL,10629066,20210009,14.7,NULL),(1015,NULL,10629066,20210010,13.5,NULL),(1016,NULL,10629066,20210021,13.8,NULL),(1017,NULL,10629066,20210022,12.7,NULL),(1018,NULL,10809738,20200016,14,NULL),(1019,NULL,10809738,20200001,15.4,NULL),(1020,NULL,10809738,20200002,13.4,NULL),(1021,NULL,10809738,20200003,13.3,NULL),(1022,NULL,10809738,20200004,16.2,NULL),(1023,NULL,10809738,20210005,12.6,NULL),(1024,NULL,10809738,20200017,16.1,NULL),(1025,NULL,10809738,20210006,14.7,NULL),(1026,NULL,10809738,20200018,15.4,NULL),(1027,NULL,10809738,20210007,15.4,NULL),(1028,NULL,10809738,20210014,15.8,NULL),(1029,NULL,10809738,20200020,16.7,NULL),(1030,NULL,10809738,20210016,13.7,NULL),(1031,NULL,10809738,20210017,13,NULL),(1032,NULL,10809738,20200021,16.8,NULL),(1033,NULL,10809738,20210019,17.8,NULL),(1034,NULL,10809738,20200007,18.2,NULL),(1035,NULL,10809738,20200022,16.6,NULL),(1036,NULL,10809738,20210009,14.5,NULL),(1037,NULL,10809738,20210010,15,NULL),(1038,NULL,10809738,20210021,14.1,NULL),(1039,NULL,10809738,20210022,12.6,NULL),(1040,NULL,20120979,20200016,15,NULL),(1041,NULL,20120979,20200001,15.6,NULL),(1042,NULL,20120979,20200002,12.2,NULL),(1043,NULL,20120979,20200003,13.1,NULL),(1044,NULL,20120979,20200004,13.9,NULL),(1045,NULL,20120979,20210005,14.1,NULL),(1046,NULL,20120979,20200017,17.1,NULL),(1047,NULL,20120979,20210006,10.7,NULL),(1048,NULL,20120979,20200018,13.9,NULL),(1049,NULL,20120979,20210007,14.9,NULL),(1050,NULL,20120979,20210014,15.6,NULL),(1051,NULL,20120979,20200020,15.3,NULL),(1052,NULL,20120979,20210016,16.3,NULL),(1053,NULL,20120979,20210017,12.6,NULL),(1054,NULL,20120979,20200021,17.7,NULL),(1055,NULL,20120979,20210019,16.4,NULL),(1056,NULL,20120979,20200007,18.8,NULL),(1057,NULL,20120979,20200022,16.1,NULL),(1058,NULL,20120979,20210009,15.2,NULL),(1059,NULL,20120979,20210010,16,NULL),(1060,NULL,20120979,20210021,15.1,NULL),(1061,NULL,20120979,20210022,13.3,NULL),(1062,NULL,20402417,20200016,13.3,NULL),(1063,NULL,20402417,20200001,16.4,NULL),(1064,NULL,20402417,20200002,15.9,NULL),(1065,NULL,20402417,20200003,13,NULL),(1066,NULL,20402417,20200004,15.6,NULL),(1067,NULL,20402417,20210005,16.1,NULL),(1068,NULL,20402417,20200017,18.4,NULL),(1069,NULL,20402417,20210006,15.2,NULL),(1070,NULL,20402417,20200018,16.4,NULL),(1071,NULL,20402417,20210007,16.1,NULL),(1072,NULL,20402417,20210014,15.8,NULL),(1073,NULL,20402417,20200020,17.8,NULL),(1074,NULL,20402417,20210016,14.4,NULL),(1075,NULL,20402417,20210017,15,NULL),(1076,NULL,20402417,20200021,17.8,NULL),(1077,NULL,20402417,20210019,17.1,NULL),(1078,NULL,20402417,20200007,16.6,NULL),(1079,NULL,20402417,20200022,14.1,NULL),(1080,NULL,20402417,20210009,17.5,NULL),(1081,NULL,20402417,20210010,15.5,NULL),(1082,NULL,20402417,20210021,16.4,NULL),(1083,NULL,20402417,20210022,13.1,NULL),(1084,NULL,29667730,20200016,15,NULL),(1085,NULL,29667730,20200001,15,NULL),(1086,NULL,29667730,20200002,12,NULL),(1087,NULL,29667730,20200003,13.3,NULL),(1088,NULL,29667730,20200004,13.3,NULL),(1089,NULL,29667730,20210005,13.5,NULL),(1090,NULL,29667730,20200017,15.2,NULL),(1091,NULL,29667730,20210006,13.2,NULL),(1092,NULL,29667730,20200018,15.2,NULL),(1093,NULL,29667730,20210007,14.3,NULL),(1094,NULL,29667730,20210014,15,NULL),(1095,NULL,29667730,20200020,16,NULL),(1096,NULL,29667730,20210016,15.3,NULL),(1097,NULL,29667730,20210017,14.6,NULL),(1098,NULL,29667730,20200021,14.9,NULL),(1099,NULL,29667730,20210019,16.5,NULL),(1100,NULL,29667730,20200007,17.6,NULL),(1101,NULL,29667730,20200022,16.6,NULL),(1102,NULL,29667730,20210009,15.3,NULL),(1103,NULL,29667730,20210010,15,NULL),(1104,NULL,29667730,20210021,14.1,NULL),(1105,NULL,29667730,20210022,11.7,NULL),(1106,NULL,40346239,20200016,14.8,NULL),(1107,NULL,40346239,20200001,14.6,NULL),(1108,NULL,40346239,20200002,12,NULL),(1109,NULL,40346239,20200003,12.3,NULL),(1110,NULL,40346239,20200004,13.9,NULL),(1111,NULL,40346239,20210005,15.6,NULL),(1112,NULL,40346239,20200017,17.6,NULL),(1113,NULL,40346239,20210006,12.2,NULL),(1114,NULL,40346239,20200018,14.8,NULL),(1115,NULL,40346239,20210007,15.5,NULL),(1116,NULL,40346239,20210014,16.2,NULL),(1117,NULL,40346239,20200020,10.9,NULL),(1118,NULL,40346239,20210016,15.5,NULL),(1119,NULL,40346239,20210017,13.6,NULL),(1120,NULL,40346239,20200021,16.5,NULL),(1121,NULL,40346239,20210019,15.2,NULL),(1122,NULL,40346239,20200007,15,NULL),(1123,NULL,40346239,20200022,12.3,NULL),(1124,NULL,40346239,20210009,16,NULL),(1125,NULL,40346239,20210010,13.5,NULL),(1126,NULL,40346239,20210021,13.5,NULL),(1127,NULL,40346239,20210022,13.6,NULL),(1128,NULL,40385792,20200016,15,NULL),(1129,NULL,40385792,20200001,14.9,NULL),(1130,NULL,40385792,20200002,13.5,NULL),(1131,NULL,40385792,20200003,13.7,NULL),(1132,NULL,40385792,20200004,15.8,NULL),(1133,NULL,40385792,20210005,14.7,NULL),(1134,NULL,40385792,20200017,18.2,NULL),(1135,NULL,40385792,20210006,15.1,NULL),(1136,NULL,40385792,20200018,16.7,NULL),(1137,NULL,40385792,20210007,15.2,NULL),(1138,NULL,40385792,20210014,15.4,NULL),(1139,NULL,40385792,20200020,16.7,NULL),(1140,NULL,40385792,20210016,14.4,NULL),(1141,NULL,40385792,20210017,13.4,NULL),(1142,NULL,40385792,20200021,16.8,NULL),(1143,NULL,40385792,20210019,16.2,NULL),(1144,NULL,40385792,20200007,18.2,NULL),(1145,NULL,40385792,20200022,16.6,NULL),(1146,NULL,40385792,20210009,15.3,NULL),(1147,NULL,40385792,20210010,15,NULL),(1148,NULL,40385792,20210021,14.1,NULL),(1149,NULL,40385792,20210022,12.4,NULL),(1150,NULL,40637575,20200016,14.8,NULL),(1151,NULL,40637575,20200001,16.3,NULL),(1152,NULL,40637575,20200002,15.2,NULL),(1153,NULL,40637575,20200003,14.7,NULL),(1154,NULL,40637575,20200004,15.2,NULL),(1155,NULL,40637575,20210005,13.9,NULL),(1156,NULL,40637575,20200017,16,NULL),(1157,NULL,40637575,20210006,15.7,NULL),(1158,NULL,40637575,20200018,17.3,NULL),(1159,NULL,40637575,20210007,17.7,NULL),(1160,NULL,40637575,20210014,17.4,NULL),(1161,NULL,40637575,20200020,16,NULL),(1162,NULL,40637575,20210016,16,NULL),(1163,NULL,40637575,20210017,15.7,NULL),(1164,NULL,40637575,20200021,17.1,NULL),(1165,NULL,40637575,20210019,16.9,NULL),(1166,NULL,40637575,20200007,16.4,NULL),(1167,NULL,40637575,20200022,14.5,NULL),(1168,NULL,40637575,20210009,17.8,NULL),(1169,NULL,40637575,20210010,14.5,NULL),(1170,NULL,40637575,20210021,14.5,NULL),(1171,NULL,40637575,20210022,14.6,NULL),(1172,NULL,40905683,20200016,14.5,NULL),(1173,NULL,40905683,20200001,15.9,NULL),(1174,NULL,40905683,20200002,15,NULL),(1175,NULL,40905683,20200003,13.3,NULL),(1176,NULL,40905683,20200004,13.8,NULL),(1177,NULL,40905683,20210005,14.6,NULL),(1178,NULL,40905683,20200017,16.9,NULL),(1179,NULL,40905683,20210006,13.9,NULL),(1180,NULL,40905683,20200018,14.7,NULL),(1181,NULL,40905683,20210007,15.9,NULL),(1182,NULL,40905683,20210014,14.3,NULL),(1183,NULL,40905683,20200020,15.2,NULL),(1184,NULL,40905683,20210016,14.2,NULL),(1185,NULL,40905683,20210017,14.3,NULL),(1186,NULL,40905683,20200021,18.8,NULL),(1187,NULL,40905683,20210019,15.5,NULL),(1188,NULL,40905683,20200007,16.6,NULL),(1189,NULL,40905683,20200022,14.1,NULL),(1190,NULL,40905683,20210009,16.2,NULL),(1191,NULL,40905683,20210010,15.5,NULL),(1192,NULL,40905683,20210021,16.4,NULL),(1193,NULL,40905683,20210022,13.4,NULL),(1194,NULL,41270663,20200016,15,NULL),(1195,NULL,41270663,20200001,16.3,NULL),(1196,NULL,41270663,20200002,13.4,NULL),(1197,NULL,41270663,20200003,12.9,NULL),(1198,NULL,41270663,20200004,10.8,NULL),(1199,NULL,41270663,20210005,16.5,NULL),(1200,NULL,41270663,20200017,16.8,NULL),(1201,NULL,41270663,20210006,14,NULL),(1202,NULL,41270663,20200018,14.9,NULL),(1203,NULL,41270663,20210007,15.7,NULL),(1204,NULL,41270663,20210014,14.4,NULL),(1205,NULL,41270663,20200020,13,NULL),(1206,NULL,41270663,20210016,15.8,NULL),(1207,NULL,41270663,20210017,13.9,NULL),(1208,NULL,41270663,20200021,18.7,NULL),(1209,NULL,41270663,20210019,18.9,NULL),(1210,NULL,41270663,20200007,19,NULL),(1211,NULL,41270663,20200022,16.1,NULL),(1212,NULL,41270663,20210009,17.1,NULL),(1213,NULL,41270663,20210010,16,NULL),(1214,NULL,41270663,20210021,15.1,NULL),(1215,NULL,41270663,20210022,11.1,NULL),(1216,NULL,41278846,20200016,14,NULL),(1217,NULL,41278846,20200001,14.4,NULL),(1218,NULL,41278846,20200002,12.2,NULL),(1219,NULL,41278846,20200003,12,NULL),(1220,NULL,41278846,20200004,12.4,NULL),(1221,NULL,41278846,20210005,14.3,NULL),(1222,NULL,41278846,20200017,16.9,NULL),(1223,NULL,41278846,20210006,12.4,NULL),(1224,NULL,41278846,20200018,15.4,NULL),(1225,NULL,41278846,20210007,15.5,NULL),(1226,NULL,41278846,20210014,15.5,NULL),(1227,NULL,41278846,20200020,14.3,NULL),(1228,NULL,41278846,20210016,14.6,NULL),(1229,NULL,41278846,20210017,11.8,NULL),(1230,NULL,41278846,20200021,16.4,NULL),(1231,NULL,41278846,20210019,17.2,NULL),(1232,NULL,41278846,20200007,16.6,NULL),(1233,NULL,41278846,20200022,14.1,NULL),(1234,NULL,41278846,20210009,17.2,NULL),(1235,NULL,41278846,20210010,15.5,NULL),(1236,NULL,41278846,20210021,16.4,NULL),(1237,NULL,41278846,20210022,11.7,NULL),(1238,NULL,45529850,20200016,15.3,NULL),(1239,NULL,45529850,20200001,15.7,NULL),(1240,NULL,45529850,20200002,14.5,NULL),(1241,NULL,45529850,20200003,14.2,NULL),(1242,NULL,45529850,20200004,14.8,NULL),(1243,NULL,45529850,20210005,16.6,NULL),(1244,NULL,45529850,20200017,17.2,NULL),(1245,NULL,45529850,20210006,14.6,NULL),(1246,NULL,45529850,20200018,13.6,NULL),(1247,NULL,45529850,20210007,16.4,NULL),(1248,NULL,45529850,20210014,16.7,NULL),(1249,NULL,45529850,20200020,15.3,NULL),(1250,NULL,45529850,20210016,15.3,NULL),(1251,NULL,45529850,20210017,14.3,NULL),(1252,NULL,45529850,20200021,14.3,NULL),(1253,NULL,45529850,20210019,15.6,NULL),(1254,NULL,45529850,20200007,15.8,NULL),(1255,NULL,45529850,20200022,14.5,NULL),(1256,NULL,45529850,20210009,16.5,NULL),(1257,NULL,45529850,20210010,14.5,NULL),(1258,NULL,45529850,20210021,14.5,NULL),(1259,NULL,45529850,20210022,12.8,NULL),(1260,NULL,46209348,20200016,14.3,NULL),(1261,NULL,46209348,20200001,14.5,NULL),(1262,NULL,46209348,20200002,14,NULL),(1263,NULL,46209348,20200003,13,NULL),(1264,NULL,46209348,20200004,11.1,NULL),(1265,NULL,46209348,20210005,13.4,NULL),(1266,NULL,46209348,20200017,17.8,NULL),(1267,NULL,46209348,20210006,15.1,NULL),(1268,NULL,46209348,20200018,14.6,NULL),(1269,NULL,46209348,20210007,13.4,NULL),(1270,NULL,46209348,20210014,8.5,NULL),(1271,NULL,46209348,20200020,18.2,NULL),(1272,NULL,46209348,20210016,14.7,NULL),(1273,NULL,46209348,20210017,15.6,NULL),(1274,NULL,46209348,20200021,15.8,NULL),(1275,NULL,46209348,20210019,14.5,NULL),(1276,NULL,46209348,20200007,16.2,NULL),(1277,NULL,46209348,20200022,15.6,NULL),(1278,NULL,46209348,20210009,14.7,NULL),(1279,NULL,46209348,20210010,13.5,NULL),(1280,NULL,46209348,20210021,15.6,NULL),(1281,NULL,46209348,20210022,10.6,NULL),(1282,NULL,48037344,20200016,15.3,NULL),(1283,NULL,48037344,20200001,15.2,NULL),(1284,NULL,48037344,20200002,15.2,NULL),(1285,NULL,48037344,20200003,13.4,NULL),(1286,NULL,48037344,20200004,12,NULL),(1287,NULL,48037344,20210005,15.6,NULL),(1288,NULL,48037344,20200017,17.8,NULL),(1289,NULL,48037344,20210006,16.6,NULL),(1290,NULL,48037344,20200018,16,NULL),(1291,NULL,48037344,20210007,16.2,NULL),(1292,NULL,48037344,20210014,15.1,NULL),(1293,NULL,48037344,20200020,18.4,NULL),(1294,NULL,48037344,20210016,16.2,NULL),(1295,NULL,48037344,20210017,16,NULL),(1296,NULL,48037344,20200021,17.5,NULL),(1297,NULL,48037344,20210019,17.5,NULL),(1298,NULL,48037344,20200007,16,NULL),(1299,NULL,48037344,20200022,15.6,NULL),(1300,NULL,48037344,20210009,15.4,NULL),(1301,NULL,48037344,20210010,13.5,NULL),(1302,NULL,48037344,20210021,13.8,NULL),(1303,NULL,48037344,20210022,13.5,NULL),(1304,NULL,70005418,20200016,14.8,NULL),(1305,NULL,70005418,20200001,16.4,NULL),(1306,NULL,70005418,20200002,15.5,NULL),(1307,NULL,70005418,20200003,14.8,NULL),(1308,NULL,70005418,20200004,16.2,NULL),(1309,NULL,70005418,20210005,16.2,NULL),(1310,NULL,70005418,20200017,16.4,NULL),(1311,NULL,70005418,20210006,15.5,NULL),(1312,NULL,70005418,20200018,16.9,NULL),(1313,NULL,70005418,20210007,17,NULL),(1314,NULL,70005418,20210014,17.1,NULL),(1315,NULL,70005418,20200020,17.4,NULL),(1316,NULL,70005418,20210016,16,NULL),(1317,NULL,70005418,20210017,13.5,NULL),(1318,NULL,70005418,20200021,18.3,NULL),(1319,NULL,70005418,20210019,16.6,NULL),(1320,NULL,70005418,20200007,18.2,NULL),(1321,NULL,70005418,20200022,16.6,NULL),(1322,NULL,70005418,20210009,15.6,NULL),(1323,NULL,70005418,20210010,15,NULL),(1324,NULL,70005418,20210021,14.1,NULL),(1325,NULL,70005418,20210022,15.5,NULL),(1326,NULL,72122745,20200016,16.5,NULL),(1327,NULL,72122745,20200001,18,NULL),(1328,NULL,72122745,20200002,16.3,NULL),(1329,NULL,72122745,20200003,17.7,NULL),(1330,NULL,72122745,20200004,16.1,NULL),(1331,NULL,72122745,20210005,16.8,NULL),(1332,NULL,72122745,20200017,18.2,NULL),(1333,NULL,72122745,20210006,15.7,NULL),(1334,NULL,72122745,20200018,17.6,NULL),(1335,NULL,72122745,20210007,17.5,NULL),(1336,NULL,72122745,20210014,17,NULL),(1337,NULL,72122745,20200020,18.8,NULL),(1338,NULL,72122745,20210016,16.3,NULL),(1339,NULL,72122745,20210017,14.2,NULL),(1340,NULL,72122745,20200021,19.3,NULL),(1341,NULL,72122745,20210019,20,NULL),(1342,NULL,72122745,20200007,19.4,NULL),(1343,NULL,72122745,20200022,17.9,NULL),(1344,NULL,72122745,20210009,17.3,NULL),(1345,NULL,72122745,20210010,16.3,NULL),(1346,NULL,72122745,20210021,15.6,NULL),(1347,NULL,72122745,20210022,15.6,NULL),(1348,NULL,4438118,20210011,14.6,NULL),(1349,NULL,4438118,20210001,14.4,NULL),(1350,NULL,4438118,20210002,13.7,NULL),(1351,NULL,4438118,20210003,12.7,NULL),(1352,NULL,4438118,20210004,17.9,NULL),(1353,NULL,4438118,20220005,12.8,NULL),(1354,NULL,4438118,20210012,18.2,NULL),(1355,NULL,4438118,20220006,13.8,NULL),(1356,NULL,4438118,20210013,14.2,NULL),(1357,NULL,4438118,20220007,15.8,NULL),(1358,NULL,4438118,20220017,15.5,NULL),(1359,NULL,4438118,20210018,15.8,NULL),(1360,NULL,4438118,20210008,15.2,NULL),(1361,NULL,4438118,20210020,15.7,NULL),(1362,NULL,4438118,20220009,16.1,NULL),(1363,NULL,4438118,20220010,15.5,NULL),(1364,NULL,10272752,20210011,13.6,NULL),(1365,NULL,10272752,20210001,12.8,NULL),(1366,NULL,10272752,20210002,15.2,NULL),(1367,NULL,10272752,20210003,12.2,NULL),(1368,NULL,10272752,20210004,10.1,NULL),(1369,NULL,10272752,20220005,13.3,NULL),(1370,NULL,10272752,20210012,17.4,NULL),(1371,NULL,10272752,20220006,14.4,NULL),(1372,NULL,10272752,20210013,13,NULL),(1373,NULL,10272752,20220007,16.1,NULL),(1374,NULL,10272752,20220017,16.9,NULL),(1375,NULL,10272752,20210018,15.9,NULL),(1376,NULL,10272752,20210008,12.6,NULL),(1377,NULL,10272752,20210020,15.8,NULL),(1378,NULL,10272752,20220009,16.6,NULL),(1379,NULL,10272752,20220010,12,NULL),(1380,NULL,20107912,20210011,12.9,NULL),(1381,NULL,20107912,20210001,13.6,NULL),(1382,NULL,20107912,20210002,12.6,NULL),(1383,NULL,20107912,20210003,13.3,NULL),(1384,NULL,20107912,20210004,10.6,NULL),(1385,NULL,20107912,20220005,12.3,NULL),(1386,NULL,20107912,20210012,16.2,NULL),(1387,NULL,20107912,20220006,14.3,NULL),(1388,NULL,20107912,20210013,14.5,NULL),(1389,NULL,20107912,20220007,14.5,NULL),(1390,NULL,20107912,20220017,15.4,NULL),(1391,NULL,20107912,20210018,18.3,NULL),(1392,NULL,20107912,20210008,12.6,NULL),(1393,NULL,20107912,20210020,15.8,NULL),(1394,NULL,20107912,20220009,16.9,NULL),(1395,NULL,20107912,20220010,12,NULL),(1396,NULL,20438073,20210011,14.6,NULL),(1397,NULL,20438073,20210001,17.6,NULL),(1398,NULL,20438073,20210002,16.4,NULL),(1399,NULL,20438073,20210003,14.7,NULL),(1400,NULL,20438073,20210004,16.5,NULL),(1401,NULL,20438073,20220005,12.6,NULL),(1402,NULL,20438073,20210012,18.8,NULL),(1403,NULL,20438073,20220006,15.8,NULL),(1404,NULL,20438073,20210013,15.6,NULL),(1405,NULL,20438073,20220007,15.6,NULL),(1406,NULL,20438073,20220017,16.2,NULL),(1407,NULL,20438073,20210018,16,NULL),(1408,NULL,20438073,20210008,15.6,NULL),(1409,NULL,20438073,20210020,15.7,NULL),(1410,NULL,20438073,20220009,16.5,NULL),(1411,NULL,20438073,20220010,15.5,NULL),(1412,NULL,25861749,20210011,13.8,NULL),(1413,NULL,25861749,20210001,12.4,NULL),(1414,NULL,25861749,20210002,15.5,NULL),(1415,NULL,25861749,20210003,12.2,NULL),(1416,NULL,25861749,20210004,10.7,NULL),(1417,NULL,25861749,20220005,13.3,NULL),(1418,NULL,25861749,20210012,16.2,NULL),(1419,NULL,25861749,20220006,13.4,NULL),(1420,NULL,25861749,20210013,13.4,NULL),(1421,NULL,25861749,20220007,15.9,NULL),(1422,NULL,25861749,20220017,16.9,NULL),(1423,NULL,25861749,20210018,15.9,NULL),(1424,NULL,25861749,20210008,12.6,NULL),(1425,NULL,25861749,20210020,15.8,NULL),(1426,NULL,25861749,20220009,14.5,NULL),(1427,NULL,25861749,20220010,12,NULL),(1428,NULL,28219164,20210011,16.1,NULL),(1429,NULL,28219164,20210002,15.1,NULL),(1430,NULL,28219164,20210003,11.3,NULL),(1431,NULL,28219164,20210004,13.9,NULL),(1432,NULL,28219164,20210012,16,NULL),(1433,NULL,28219164,20210013,12.9,NULL),(1434,NULL,28219164,20220017,15,NULL),(1435,NULL,28219164,20210018,16.5,NULL),(1436,NULL,28219164,20210008,12.7,NULL),(1437,NULL,28219164,20210020,6.8,NULL),(1438,NULL,29625538,20210011,16.5,NULL),(1439,NULL,29625538,20210001,13.2,NULL),(1440,NULL,29625538,20210002,15.1,NULL),(1441,NULL,29625538,20210003,13.2,NULL),(1442,NULL,29625538,20210004,14.3,NULL),(1443,NULL,29625538,20220005,10.4,NULL),(1444,NULL,29625538,20210012,16.2,NULL),(1445,NULL,29625538,20220006,11.5,NULL),(1446,NULL,29625538,20210013,14,NULL),(1447,NULL,29625538,20220007,15.3,NULL),(1448,NULL,29625538,20220017,16,NULL),(1449,NULL,29625538,20210018,14.8,NULL),(1450,NULL,29625538,20210008,13.6,NULL),(1451,NULL,29625538,20210020,13.8,NULL),(1452,NULL,29625538,20220009,15.3,NULL),(1453,NULL,29625538,20220010,12.3,NULL),(1454,NULL,32736269,20210001,13.5,NULL),(1455,NULL,32736269,20210002,12.2,NULL),(1456,NULL,32736269,20210003,11.3,NULL),(1457,NULL,32736269,20210004,12.6,NULL),(1458,NULL,32736269,20210008,12.2,NULL),(1459,NULL,41095724,20210011,14.3,NULL),(1460,NULL,41095724,20210001,17.2,NULL),(1461,NULL,41095724,20210002,15.8,NULL),(1462,NULL,41095724,20210003,13.2,NULL),(1463,NULL,41095724,20210004,15.6,NULL),(1464,NULL,41095724,20220005,13.7,NULL),(1465,NULL,41095724,20210012,17.6,NULL),(1466,NULL,41095724,20220006,14.1,NULL),(1467,NULL,41095724,20210013,13.6,NULL),(1468,NULL,41095724,20220007,14.6,NULL),(1469,NULL,41095724,20220017,13.2,NULL),(1470,NULL,41095724,20210018,17.7,NULL),(1471,NULL,41095724,20210008,15.4,NULL),(1472,NULL,41095724,20210020,15.7,NULL),(1473,NULL,41095724,20220009,16.6,NULL),(1474,NULL,41095724,20220010,15.5,NULL),(1475,NULL,41133011,20210011,14.4,NULL),(1476,NULL,41133011,20210001,14,NULL),(1477,NULL,41133011,20210002,16.8,NULL),(1478,NULL,41133011,20210003,13.3,NULL),(1479,NULL,41133011,20210004,14.6,NULL),(1480,NULL,41133011,20220005,14.2,NULL),(1481,NULL,41133011,20210012,17.1,NULL),(1482,NULL,41133011,20220006,13.9,NULL),(1483,NULL,41133011,20210013,15,NULL),(1484,NULL,41133011,20220007,16.2,NULL),(1485,NULL,41133011,20220017,17,NULL),(1486,NULL,41133011,20210018,16.2,NULL),(1487,NULL,41133011,20210008,15.4,NULL),(1488,NULL,41133011,20210020,16.3,NULL),(1489,NULL,41133011,20220009,16.8,NULL),(1490,NULL,41133011,20220010,15.3,NULL),(1491,NULL,41304306,20210011,14.6,NULL),(1492,NULL,41304306,20210001,16,NULL),(1493,NULL,41304306,20210002,15.5,NULL),(1494,NULL,41304306,20210003,15,NULL),(1495,NULL,41304306,20210004,17.8,NULL),(1496,NULL,41304306,20220005,15,NULL),(1497,NULL,41304306,20210012,18.2,NULL),(1498,NULL,41304306,20220006,15.4,NULL),(1499,NULL,41304306,20210013,14.7,NULL),(1500,NULL,41304306,20220007,16.5,NULL),(1501,NULL,41304306,20220017,17.4,NULL),(1502,NULL,41304306,20210018,18.8,NULL),(1503,NULL,41304306,20210008,15.6,NULL),(1504,NULL,41304306,20210020,15.7,NULL),(1505,NULL,41304306,20220009,16.7,NULL),(1506,NULL,41304306,20220010,15.5,NULL),(1507,NULL,41768439,20210011,13.1,NULL),(1508,NULL,41768439,20210001,14.8,NULL),(1509,NULL,41768439,20210002,15.2,NULL),(1510,NULL,41768439,20210003,13,NULL),(1511,NULL,41768439,20210004,13.8,NULL),(1512,NULL,41768439,20220005,12,NULL),(1513,NULL,41768439,20210012,16.5,NULL),(1514,NULL,41768439,20220006,13.8,NULL),(1515,NULL,41768439,20210013,13.7,NULL),(1516,NULL,41768439,20220007,14.3,NULL),(1517,NULL,41768439,20220017,12.8,NULL),(1518,NULL,41768439,20210018,13.7,NULL),(1519,NULL,41768439,20210008,12.8,NULL),(1520,NULL,41768439,20210020,11.8,NULL),(1521,NULL,41768439,20220009,15.1,NULL),(1522,NULL,41768439,20220010,13.3,NULL),(1523,NULL,42979242,20210011,13.9,NULL),(1524,NULL,42979242,20210001,15.6,NULL),(1525,NULL,42979242,20210002,15.6,NULL),(1526,NULL,42979242,20210003,12.9,NULL),(1527,NULL,42979242,20210004,15.5,NULL),(1528,NULL,42979242,20220005,14.4,NULL),(1529,NULL,42979242,20210012,17.7,NULL),(1530,NULL,42979242,20220006,16.4,NULL),(1531,NULL,42979242,20210013,16.1,NULL),(1532,NULL,42979242,20220007,16.3,NULL),(1533,NULL,42979242,20220017,19.3,NULL),(1534,NULL,42979242,20210018,16,NULL),(1535,NULL,42979242,20210008,15.4,NULL),(1536,NULL,42979242,20210020,16.6,NULL),(1537,NULL,42979242,20220009,15.5,NULL),(1538,NULL,42979242,20220010,15.3,NULL),(1539,NULL,43323727,20210011,13.3,NULL),(1540,NULL,43323727,20210001,16.2,NULL),(1541,NULL,43323727,20210002,15.8,NULL),(1542,NULL,43323727,20210003,16.7,NULL),(1543,NULL,43323727,20210004,17.5,NULL),(1544,NULL,43323727,20220005,15,NULL),(1545,NULL,43323727,20210012,17.9,NULL),(1546,NULL,43323727,20220006,16.5,NULL),(1547,NULL,43323727,20210013,16.6,NULL),(1548,NULL,43323727,20220007,16.3,NULL),(1549,NULL,43323727,20220017,18.8,NULL),(1550,NULL,43323727,20210018,17.6,NULL),(1551,NULL,43323727,20210008,12,NULL),(1552,NULL,43323727,20210020,14.9,NULL),(1553,NULL,43323727,20220009,14.5,NULL),(1554,NULL,43323727,20220010,14.8,NULL),(1555,NULL,43836655,20210011,16.5,NULL),(1556,NULL,43836655,20210001,14,NULL),(1557,NULL,43836655,20210002,14.2,NULL),(1558,NULL,43836655,20210003,12,NULL),(1559,NULL,43836655,20210004,13.2,NULL),(1560,NULL,43836655,20220005,10.6,NULL),(1561,NULL,43836655,20210012,15.6,NULL),(1562,NULL,43836655,20220006,11.7,NULL),(1563,NULL,43836655,20210013,15.7,NULL),(1564,NULL,43836655,20220007,14.2,NULL),(1565,NULL,43836655,20220017,16.4,NULL),(1566,NULL,43836655,20210018,13.8,NULL),(1567,NULL,43836655,20210008,13.6,NULL),(1568,NULL,43836655,20210020,13.6,NULL),(1569,NULL,43836655,20220009,16,NULL),(1570,NULL,43836655,20220010,12.3,NULL),(1571,NULL,45958126,20210011,17.8,NULL),(1572,NULL,45958126,20210001,14.4,NULL),(1573,NULL,45958126,20210002,13.9,NULL),(1574,NULL,45958126,20210003,13.3,NULL),(1575,NULL,45958126,20210004,12.7,NULL),(1576,NULL,45958126,20220005,10.1,NULL),(1577,NULL,45958126,20210012,16.8,NULL),(1578,NULL,45958126,20220006,11.2,NULL),(1579,NULL,45958126,20210013,15.4,NULL),(1580,NULL,45958126,20220007,13.4,NULL),(1581,NULL,45958126,20220017,15.7,NULL),(1582,NULL,45958126,20210018,14.1,NULL),(1583,NULL,45958126,20210008,13.6,NULL),(1584,NULL,45958126,20210020,13.6,NULL),(1585,NULL,45958126,20220009,14.7,NULL),(1586,NULL,45958126,20220010,12.3,NULL),(1587,NULL,46217001,20210011,12.5,NULL),(1588,NULL,46217001,20210001,14.6,NULL),(1589,NULL,46217001,20210002,16.4,NULL),(1590,NULL,46217001,20210003,15.5,NULL),(1591,NULL,46217001,20210004,15.6,NULL),(1592,NULL,46217001,20220005,13.1,NULL),(1593,NULL,46217001,20210012,16.7,NULL),(1594,NULL,46217001,20220006,14.2,NULL),(1595,NULL,46217001,20210013,13.1,NULL),(1596,NULL,46217001,20220007,13.1,NULL),(1597,NULL,46217001,20220017,14.6,NULL),(1598,NULL,46217001,20210018,15.3,NULL),(1599,NULL,46217001,20210008,12.2,NULL),(1600,NULL,46217001,20210020,14.9,NULL),(1601,NULL,46217001,20220009,15.3,NULL),(1602,NULL,46217001,20220010,15.3,NULL),(1603,NULL,47265506,20210011,18,NULL),(1604,NULL,47265506,20210001,14.4,NULL),(1605,NULL,47265506,20210002,15.5,NULL),(1606,NULL,47265506,20210003,13.2,NULL),(1607,NULL,47265506,20210004,14,NULL),(1608,NULL,47265506,20220005,12,NULL),(1609,NULL,47265506,20210012,15.6,NULL),(1610,NULL,47265506,20220006,11.7,NULL),(1611,NULL,47265506,20210013,14,NULL),(1612,NULL,47265506,20220007,12.6,NULL),(1613,NULL,47265506,20220017,18,NULL),(1614,NULL,47265506,20210018,17,NULL),(1615,NULL,47265506,20210008,14.6,NULL),(1616,NULL,47265506,20210020,14.1,NULL),(1617,NULL,47265506,20220009,15.7,NULL),(1618,NULL,47265506,20220010,12.3,NULL),(1619,NULL,70249711,20210011,14,NULL),(1620,NULL,70249711,20210001,14.4,NULL),(1621,NULL,70249711,20210002,17.6,NULL),(1622,NULL,70249711,20210003,13.9,NULL),(1623,NULL,70249711,20210004,16.7,NULL),(1624,NULL,70249711,20220005,14.6,NULL),(1625,NULL,70249711,20210012,18.3,NULL),(1626,NULL,70249711,20220006,15,NULL),(1627,NULL,70249711,20210013,16.1,NULL),(1628,NULL,70249711,20220007,17.2,NULL),(1629,NULL,70249711,20220017,18.4,NULL),(1630,NULL,70249711,20210018,15.4,NULL),(1631,NULL,70249711,20210008,15.4,NULL),(1632,NULL,70249711,20210020,16.3,NULL),(1633,NULL,70249711,20220009,16.8,NULL),(1634,NULL,70249711,20220010,11,NULL),(1635,NULL,70459578,20210011,13.8,NULL),(1636,NULL,70459578,20210001,14,NULL),(1637,NULL,70459578,20210002,16,NULL),(1638,NULL,70459578,20210003,13.5,NULL),(1639,NULL,70459578,20210004,14.6,NULL),(1640,NULL,70459578,20220005,13.9,NULL),(1641,NULL,70459578,20210012,18.3,NULL),(1642,NULL,70459578,20220006,13.2,NULL),(1643,NULL,70459578,20210013,15.4,NULL),(1644,NULL,70459578,20220007,15.3,NULL),(1645,NULL,70459578,20220017,18.3,NULL),(1646,NULL,70459578,20210018,14.5,NULL),(1647,NULL,70459578,20210008,15.4,NULL),(1648,NULL,70459578,20210020,16.3,NULL),(1649,NULL,70459578,20220009,14.8,NULL),(1650,NULL,70459578,20220010,15.3,NULL),(1651,NULL,9533154,20210011,14.1,NULL),(1652,NULL,9533154,20210001,15.6,NULL),(1653,NULL,9533154,20210002,14.9,NULL),(1654,NULL,9533154,20210003,14.2,NULL),(1655,NULL,9533154,20210004,15.9,NULL),(1656,NULL,9533154,20220005,14.3,NULL),(1657,NULL,9533154,20210012,17.1,NULL),(1658,NULL,9533154,20220006,15.4,NULL),(1659,NULL,9533154,20210013,17.9,NULL),(1660,NULL,9533154,20220007,16.7,NULL),(1661,NULL,9533154,20220017,18.3,NULL),(1662,NULL,9533154,20210018,18,NULL),(1663,NULL,9533154,20210008,15.4,NULL),(1664,NULL,9533154,20210020,16.6,NULL),(1665,NULL,9533154,20220009,16.4,NULL),(1666,NULL,9533154,20220010,15.3,NULL),(1667,NULL,9833191,20210011,12.4,NULL),(1668,NULL,9833191,20210001,13.6,NULL),(1669,NULL,9833191,20210002,12,NULL),(1670,NULL,9833191,20210003,12.3,NULL),(1671,NULL,9833191,20210004,12.2,NULL),(1672,NULL,9833191,20220005,10.7,NULL),(1673,NULL,9833191,20210012,15.9,NULL),(1674,NULL,9833191,20220006,12.1,NULL),(1675,NULL,9833191,20210013,13.4,NULL),(1676,NULL,9833191,20220007,15.8,NULL),(1677,NULL,9833191,20220017,13.5,NULL),(1678,NULL,9833191,20210018,11.8,NULL),(1679,NULL,9833191,20210008,12.6,NULL),(1680,NULL,9833191,20210020,11.6,NULL),(1681,NULL,9833191,20220009,15.3,NULL),(1682,NULL,9833191,20220010,13.3,NULL),(1683,NULL,7464253,20220001,15.8,NULL),(1684,NULL,7464253,20220002,15.1,NULL),(1685,NULL,7464253,20220003,13.1,NULL),(1686,NULL,7464253,20220004,13.8,NULL),(1687,NULL,7464253,20220008,13,NULL),(1688,NULL,8175781,20220001,16.7,NULL),(1689,NULL,8175781,20220002,15.1,NULL),(1690,NULL,8175781,20220003,14.6,NULL),(1691,NULL,8175781,20220004,14.7,NULL),(1692,NULL,8175781,20220008,13,NULL),(1693,NULL,10147455,20220001,15.8,NULL),(1694,NULL,10147455,20220002,17.2,NULL),(1695,NULL,10147455,20220003,14.3,NULL),(1696,NULL,10147455,20220004,12.4,NULL),(1697,NULL,10147455,20220008,13.6,NULL),(1698,NULL,10188289,20220001,15.8,NULL),(1699,NULL,10188289,20220002,15.5,NULL),(1700,NULL,10188289,20220003,16.6,NULL),(1701,NULL,10188289,20220004,14.6,NULL),(1702,NULL,10188289,20220008,13.8,NULL),(1703,NULL,10635593,20220001,12.4,NULL),(1704,NULL,10635593,20220002,13.7,NULL),(1705,NULL,10635593,20220003,12.2,NULL),(1706,NULL,10635593,20220004,13.6,NULL),(1707,NULL,10635593,20220008,12.6,NULL),(1708,NULL,29649775,20220001,12.8,NULL),(1709,NULL,29649775,20220002,15.4,NULL),(1710,NULL,29649775,20220003,14.4,NULL),(1711,NULL,29649775,20220004,13,NULL),(1712,NULL,29649775,20220008,10,NULL),(1713,NULL,31680090,20220001,15.9,NULL),(1714,NULL,31680090,20220002,14.8,NULL),(1715,NULL,31680090,20220003,17.1,NULL),(1716,NULL,31680090,20220004,13.7,NULL),(1717,NULL,31680090,20220008,10,NULL),(1718,NULL,40320684,20220001,15.3,NULL),(1719,NULL,40320684,20220002,15.5,NULL),(1720,NULL,40320684,20220003,14.9,NULL),(1721,NULL,40320684,20220004,14.1,NULL),(1722,NULL,40320684,20220008,13,NULL),(1723,NULL,40573042,20220001,12.4,NULL),(1724,NULL,40573042,20220002,15.2,NULL),(1725,NULL,40573042,20220003,12.8,NULL),(1726,NULL,40573042,20220004,15.9,NULL),(1727,NULL,40573042,20220008,12.8,NULL),(1728,NULL,40709983,20220001,15.9,NULL),(1729,NULL,40709983,20220002,14.4,NULL),(1730,NULL,40709983,20220003,13.5,NULL),(1731,NULL,40709983,20220004,13.6,NULL),(1732,NULL,40709983,20220008,13,NULL),(1733,NULL,41049374,20220001,6.6,NULL),(1734,NULL,41130259,20220001,15.7,NULL),(1735,NULL,41130259,20220002,14.8,NULL),(1736,NULL,41130259,20220003,13.7,NULL),(1737,NULL,41130259,20220004,13.7,NULL),(1738,NULL,41130259,20220008,13,NULL),(1739,NULL,41195799,20220001,15.2,NULL),(1740,NULL,41195799,20220002,12.4,NULL),(1741,NULL,41195799,20220003,16.3,NULL),(1742,NULL,41195799,20220004,14.8,NULL),(1743,NULL,41195799,20220008,12.6,NULL),(1744,NULL,41398694,20220001,15.7,NULL),(1745,NULL,41398694,20220002,15.2,NULL),(1746,NULL,41398694,20220003,16.1,NULL),(1747,NULL,41398694,20220004,13.8,NULL),(1748,NULL,41398694,20220008,13,NULL),(1749,NULL,41603792,20220001,14.3,NULL),(1750,NULL,41603792,20220002,16,NULL),(1751,NULL,41603792,20220003,13.5,NULL),(1752,NULL,41603792,20220004,13.4,NULL),(1753,NULL,41603792,20220008,13.6,NULL),(1754,NULL,41734937,20220001,14.6,NULL),(1755,NULL,41734937,20220002,17.8,NULL),(1756,NULL,41734937,20220003,17.5,NULL),(1757,NULL,41734937,20220004,17.7,NULL),(1758,NULL,41734937,20220008,12.8,NULL),(1759,NULL,41784367,20220001,15.1,NULL),(1760,NULL,41784367,20220002,16.6,NULL),(1761,NULL,41784367,20220003,17.2,NULL),(1762,NULL,41784367,20220004,14.7,NULL),(1763,NULL,41784367,20220008,13.8,NULL),(1764,NULL,42103751,20220001,15.6,NULL),(1765,NULL,42103751,20220002,16.3,NULL),(1766,NULL,42103751,20220003,12,NULL),(1767,NULL,42103751,20220004,13.5,NULL),(1768,NULL,42103751,20220008,13,NULL),(1769,NULL,43620845,20220001,12.2,NULL),(1770,NULL,43620845,20220002,12,NULL),(1771,NULL,43620845,20220003,13.8,NULL),(1772,NULL,43620845,20220004,16.2,NULL),(1773,NULL,43620845,20220008,12.8,NULL),(1774,NULL,43862216,20220001,12.9,NULL),(1775,NULL,43862216,20220002,11.4,NULL),(1776,NULL,43862216,20220003,13.2,NULL),(1777,NULL,43862216,20220004,12,NULL),(1778,NULL,43862216,20220008,13.6,NULL),(1779,NULL,47040670,20220001,14,NULL),(1780,NULL,47040670,20220002,15.2,NULL),(1781,NULL,47040670,20220003,17.1,NULL),(1782,NULL,47040670,20220004,14.1,NULL),(1783,NULL,47040670,20220008,10,NULL),(1784,NULL,71778502,20220001,17.1,NULL),(1785,NULL,71778502,20220002,17,NULL),(1786,NULL,71778502,20220003,14.8,NULL),(1787,NULL,71778502,20220004,13.7,NULL),(1788,NULL,71778502,20220008,13.6,NULL),(1789,NULL,72279239,20220001,16.4,NULL),(1790,NULL,72279239,20220002,13.4,NULL),(1791,NULL,72279239,20220003,16.5,NULL),(1792,NULL,72279239,20220004,15.2,NULL),(1793,NULL,72279239,20220008,13.8,NULL),(1794,NULL,80504037,20220001,15.8,NULL),(1795,NULL,80504037,20220002,17.6,NULL),(1796,NULL,80504037,20220003,17.1,NULL),(1797,NULL,80504037,20220004,17.2,NULL),(1798,NULL,80504037,20220008,12.8,NULL),(1799,NULL,2406012,20170012,15.9,NULL),(1800,NULL,2406012,20170002,15.7,NULL),(1801,NULL,2406012,20170003,12.8,NULL),(1802,NULL,2406012,20170004,11.5,NULL),(1803,NULL,2406012,20180004,17.6,NULL),(1804,NULL,2406012,20170005,15.2,NULL),(1805,NULL,2406012,20170014,16.4,NULL),(1806,NULL,2406012,20180006,12.4,NULL),(1807,NULL,2406012,20170015,13.9,NULL),(1808,NULL,2406012,20180007,16.6,NULL),(1809,NULL,2406012,20180015,15.8,NULL),(1810,NULL,2406012,20170017,17.8,NULL),(1811,NULL,2406012,20180017,17.2,NULL),(1812,NULL,2406012,20180008,16.2,NULL),(1813,NULL,2406012,20180018,14.4,NULL),(1814,NULL,2406012,20170019,16,NULL),(1815,NULL,2406012,20180020,15.7,NULL),(1816,NULL,2406012,20170001,14.6,NULL),(1817,NULL,2406012,20170021,16.6,NULL),(1818,NULL,2406012,20180022,16.3,NULL),(1819,NULL,2406012,20180010,17.1,NULL),(1820,NULL,2406012,20180023,18.4,NULL),(1821,NULL,4042678,20170012,15.5,NULL),(1822,NULL,4042678,20170002,14.2,NULL),(1823,NULL,4042678,20170003,12.7,NULL),(1824,NULL,4042678,20170004,13.9,NULL),(1825,NULL,4042678,20170005,16.3,NULL),(1826,NULL,4042678,20170014,13.1,NULL),(1827,NULL,4042678,20180006,14.4,NULL),(1828,NULL,4042678,20170015,13.9,NULL),(1829,NULL,4042678,20180007,14.5,NULL),(1830,NULL,4042678,20180015,14,NULL),(1831,NULL,4042678,20170017,14.4,NULL),(1832,NULL,4042678,20180017,17,NULL),(1833,NULL,4042678,20180008,16.4,NULL),(1834,NULL,4042678,20180018,14,NULL),(1835,NULL,4042678,20170019,15,NULL),(1836,NULL,4042678,20180020,16.1,NULL),(1837,NULL,4042678,20170001,12.1,NULL),(1838,NULL,4042678,20170021,11.7,NULL),(1839,NULL,4042678,20180022,14.8,NULL),(1840,NULL,4042678,20180010,13.9,NULL),(1841,NULL,4042678,20180023,15.3,NULL),(1842,NULL,4042678,20180011,12.3,NULL),(1843,NULL,4744019,20170012,14.7,NULL),(1844,NULL,4744019,20170002,14.1,NULL),(1845,NULL,4744019,20170003,13.7,NULL),(1846,NULL,4744019,20170004,10.4,NULL),(1847,NULL,4744019,20170005,13.4,NULL),(1848,NULL,4744019,20170014,15.6,NULL),(1849,NULL,4744019,20180006,12.2,NULL),(1850,NULL,4744019,20170015,12.3,NULL),(1851,NULL,4744019,20180007,15.6,NULL),(1852,NULL,4744019,20180015,15,NULL),(1853,NULL,4744019,20170017,15.5,NULL),(1854,NULL,4744019,20180017,15.4,NULL),(1855,NULL,4744019,20180008,16,NULL),(1856,NULL,4744019,20180018,15.4,NULL),(1857,NULL,4744019,20170019,15,NULL),(1858,NULL,4744019,20180020,16.8,NULL),(1859,NULL,4744019,20170001,14.8,NULL),(1860,NULL,4744019,20170021,15.6,NULL),(1861,NULL,4744019,20180022,15.5,NULL),(1862,NULL,4744019,20180010,17.6,NULL),(1863,NULL,4744019,20180023,18.4,NULL),(1864,NULL,4744019,20180011,15,NULL),(1865,NULL,7437682,20170012,15.5,NULL),(1866,NULL,7437682,20170002,16,NULL),(1867,NULL,7437682,20170003,13.6,NULL),(1868,NULL,7437682,20170004,14.4,NULL),(1869,NULL,7437682,20180004,18.2,NULL),(1870,NULL,7437682,20170005,12.5,NULL),(1871,NULL,7437682,20170014,16.2,NULL),(1872,NULL,7437682,20180006,14.8,NULL),(1873,NULL,7437682,20170015,14.9,NULL),(1874,NULL,7437682,20180007,15.5,NULL),(1875,NULL,7437682,20180015,16.4,NULL),(1876,NULL,7437682,20170017,15.8,NULL),(1877,NULL,7437682,20180017,16.8,NULL),(1878,NULL,7437682,20180008,17.7,NULL),(1879,NULL,7437682,20180018,17.8,NULL),(1880,NULL,7437682,20170019,18.5,NULL),(1881,NULL,7437682,20180020,16.3,NULL),(1882,NULL,7437682,20170001,16.4,NULL),(1883,NULL,7437682,20170021,15.3,NULL),(1884,NULL,7437682,20180022,16.6,NULL),(1885,NULL,7437682,20180010,15.8,NULL),(1886,NULL,7437682,20180023,17.8,NULL),(1887,NULL,9898944,20170012,17.2,NULL),(1888,NULL,9898944,20170002,15.6,NULL),(1889,NULL,9898944,20170003,18.3,NULL),(1890,NULL,9898944,20170004,14.9,NULL),(1891,NULL,9898944,20170005,17.4,NULL),(1892,NULL,9898944,20170014,16.1,NULL),(1893,NULL,9898944,20180006,13.6,NULL),(1894,NULL,9898944,20170015,15.4,NULL),(1895,NULL,9898944,20180007,16.7,NULL),(1896,NULL,9898944,20180015,15.5,NULL),(1897,NULL,9898944,20170017,18,NULL),(1898,NULL,9898944,20180017,17,NULL),(1899,NULL,9898944,20180008,16.4,NULL),(1900,NULL,9898944,20180018,16,NULL),(1901,NULL,9898944,20170019,16.5,NULL),(1902,NULL,9898944,20180020,17.1,NULL),(1903,NULL,9898944,20170001,15.5,NULL),(1904,NULL,9898944,20170021,12.3,NULL),(1905,NULL,9898944,20180022,17.8,NULL),(1906,NULL,9898944,20180010,15.2,NULL),(1907,NULL,9898944,20180023,17.5,NULL),(1908,NULL,9898944,20180011,16.3,NULL),(1909,NULL,10722572,20170012,16.7,NULL),(1910,NULL,10722572,20170002,15.3,NULL),(1911,NULL,10722572,20170003,15.7,NULL),(1912,NULL,10722572,20170004,16,NULL),(1913,NULL,10722572,20180004,17.7,NULL),(1914,NULL,10722572,20170005,17.6,NULL),(1915,NULL,10722572,20170014,18.1,NULL),(1916,NULL,10722572,20180006,19.2,NULL),(1917,NULL,10722572,20170015,13.4,NULL),(1918,NULL,10722572,20180007,15.9,NULL),(1919,NULL,10722572,20180015,16.8,NULL),(1920,NULL,10722572,20170017,17.4,NULL),(1921,NULL,10722572,20180017,16.6,NULL),(1922,NULL,10722572,20180008,15.1,NULL),(1923,NULL,10722572,20180018,18.6,NULL),(1924,NULL,10722572,20170019,14.5,NULL),(1925,NULL,10722572,20180020,18.5,NULL),(1926,NULL,10722572,20170001,15.6,NULL),(1927,NULL,10722572,20170021,16,NULL),(1928,NULL,10722572,20180022,17.7,NULL),(1929,NULL,10722572,20180010,15.7,NULL),(1930,NULL,10722572,20180023,17,NULL),(1931,NULL,1102992979,20170012,15,NULL),(1932,NULL,1102992979,20170002,15.8,NULL),(1933,NULL,1102992979,20170003,14.5,NULL),(1934,NULL,1102992979,20170004,13.1,NULL),(1935,NULL,1102992979,20180004,19,NULL),(1936,NULL,1102992979,20170005,16.1,NULL),(1937,NULL,1102992979,20170014,14.9,NULL),(1938,NULL,1102992979,20180006,12.6,NULL),(1939,NULL,1102992979,20170015,13.5,NULL),(1940,NULL,1102992979,20180007,15.4,NULL),(1941,NULL,1102992979,20180015,16,NULL),(1942,NULL,1102992979,20170017,18.2,NULL),(1943,NULL,1102992979,20180017,17.2,NULL),(1944,NULL,1102992979,20180008,16.9,NULL),(1945,NULL,1102992979,20180018,15.7,NULL),(1946,NULL,1102992979,20170019,14.3,NULL),(1947,NULL,1102992979,20180020,16.5,NULL),(1948,NULL,1102992979,20170001,12.8,NULL),(1949,NULL,1102992979,20170021,15.4,NULL),(1950,NULL,1102992979,20180022,16.2,NULL),(1951,NULL,1102992979,20180010,15.9,NULL),(1952,NULL,1102992979,20180023,18.4,NULL),(1953,NULL,16630878,20170012,16.3,NULL),(1954,NULL,16630878,20170002,13.5,NULL),(1955,NULL,16630878,20170003,15.4,NULL),(1956,NULL,16630878,20170004,12.5,NULL),(1957,NULL,16630878,20180004,18.8,NULL),(1958,NULL,16630878,20170005,14.8,NULL),(1959,NULL,16630878,20170014,14.9,NULL),(1960,NULL,16630878,20180006,13.9,NULL),(1961,NULL,16630878,20170015,14.5,NULL),(1962,NULL,16630878,20180007,15.4,NULL),(1963,NULL,16630878,20180015,15.5,NULL),(1964,NULL,16630878,20170017,14.6,NULL),(1965,NULL,16630878,20180017,16,NULL),(1966,NULL,16630878,20180008,15.1,NULL),(1967,NULL,16630878,20180018,14.2,NULL),(1968,NULL,16630878,20170019,15.5,NULL),(1969,NULL,16630878,20180020,15.8,NULL),(1970,NULL,16630878,20170001,15.6,NULL),(1971,NULL,16630878,20170021,15.9,NULL),(1972,NULL,16630878,20180022,16.3,NULL),(1973,NULL,16630878,20180010,13.7,NULL),(1974,NULL,16630878,20180023,15.3,NULL),(1975,NULL,16757816,20170012,17.2,NULL),(1976,NULL,16757816,20170002,15,NULL),(1977,NULL,16757816,20170003,18.4,NULL),(1978,NULL,16757816,20170004,16.2,NULL),(1979,NULL,16757816,20180004,18,NULL),(1980,NULL,16757816,20170005,18.5,NULL),(1981,NULL,16757816,20170014,16.6,NULL),(1982,NULL,16757816,20180006,14.6,NULL),(1983,NULL,16757816,20170015,17.5,NULL),(1984,NULL,16757816,20180007,16.1,NULL),(1985,NULL,16757816,20180015,16.2,NULL),(1986,NULL,16757816,20170017,18.3,NULL),(1987,NULL,16757816,20180017,16.4,NULL),(1988,NULL,16757816,20180008,14.4,NULL),(1989,NULL,16757816,20180018,18.6,NULL),(1990,NULL,16757816,20170019,16.8,NULL),(1991,NULL,16757816,20180020,16.5,NULL),(1992,NULL,16757816,20170001,13.9,NULL),(1993,NULL,16757816,20170021,14.6,NULL),(1994,NULL,16757816,20180022,17.2,NULL),(1995,NULL,16757816,20180010,14.8,NULL),(1996,NULL,16757816,20180023,17.5,NULL),(1997,NULL,17915693,20170012,12.6,NULL),(1998,NULL,17915693,20170002,13.6,NULL),(1999,NULL,17915693,20170003,15.8,NULL),(2000,NULL,17915693,20170004,11.4,NULL),(2001,NULL,17915693,20180004,18,NULL),(2002,NULL,17915693,20170005,14.2,NULL),(2003,NULL,17915693,20170014,14.9,NULL),(2004,NULL,17915693,20180006,12.5,NULL),(2005,NULL,17915693,20170015,12.2,NULL),(2006,NULL,17915693,20180007,13.1,NULL),(2007,NULL,17915693,20180015,15.6,NULL),(2008,NULL,17915693,20170017,14.5,NULL),(2009,NULL,17915693,20180017,15.4,NULL),(2010,NULL,17915693,20180008,15.4,NULL),(2011,NULL,17915693,20180018,14.7,NULL),(2012,NULL,17915693,20170019,14.8,NULL),(2013,NULL,17915693,20180020,15.8,NULL),(2014,NULL,17915693,20170001,13.7,NULL),(2015,NULL,17915693,20170021,15.6,NULL),(2016,NULL,17915693,20180022,16.7,NULL),(2017,NULL,17915693,20180010,14.4,NULL),(2018,NULL,17915693,20180023,13,NULL),(2019,NULL,20040983,20170012,16.3,NULL),(2020,NULL,20040983,20170002,15.2,NULL),(2021,NULL,20040983,20170003,13.7,NULL),(2022,NULL,20040983,20170004,13.3,NULL),(2023,NULL,20040983,20170005,13.8,NULL),(2024,NULL,20040983,20170014,15.6,NULL),(2025,NULL,20040983,20180006,13.7,NULL),(2026,NULL,20040983,20170015,13.8,NULL),(2027,NULL,20040983,20180007,15.9,NULL),(2028,NULL,20040983,20180015,16.2,NULL),(2029,NULL,20040983,20170017,16.9,NULL),(2030,NULL,20040983,20180017,16.8,NULL),(2031,NULL,20040983,20180008,16.4,NULL),(2032,NULL,20040983,20180018,17.4,NULL),(2033,NULL,20040983,20170019,17,NULL),(2034,NULL,20040983,20180020,16.7,NULL),(2035,NULL,20040983,20170001,13.5,NULL),(2036,NULL,20040983,20170021,13.4,NULL),(2037,NULL,20040983,20180022,15.8,NULL),(2038,NULL,20040983,20180010,17.6,NULL),(2039,NULL,20040983,20180023,18.4,NULL),(2040,NULL,20040983,20180011,15.4,NULL),(2041,NULL,20120822,20170012,16.8,NULL),(2042,NULL,20120822,20170002,15.6,NULL),(2043,NULL,20120822,20170003,15.7,NULL),(2044,NULL,20120822,20170004,14.1,NULL),(2045,NULL,20120822,20180004,18.8,NULL),(2046,NULL,20120822,20170005,16.7,NULL),(2047,NULL,20120822,20170014,16.4,NULL),(2048,NULL,20120822,20180006,16.5,NULL),(2049,NULL,20120822,20170015,14.8,NULL),(2050,NULL,20120822,20180007,15.4,NULL),(2051,NULL,20120822,20180015,16.4,NULL),(2052,NULL,20120822,20170017,16.2,NULL),(2053,NULL,20120822,20180017,16.6,NULL),(2054,NULL,20120822,20180008,14.6,NULL),(2055,NULL,20120822,20180018,15.4,NULL),(2056,NULL,20120822,20170019,12,NULL),(2057,NULL,20120822,20180020,17.8,NULL),(2058,NULL,20120822,20170001,13.9,NULL),(2059,NULL,20120822,20170021,13.8,NULL),(2060,NULL,20120822,20180022,14.8,NULL),(2061,NULL,20120822,20180010,15.6,NULL),(2062,NULL,20120822,20180023,17,NULL),(2063,NULL,26717294,20170012,15.6,NULL),(2064,NULL,26717294,20170002,15.6,NULL),(2065,NULL,26717294,20170003,13.9,NULL),(2066,NULL,26717294,20170004,12.8,NULL),(2067,NULL,26717294,20180004,17.6,NULL),(2068,NULL,26717294,20170005,15,NULL),(2069,NULL,26717294,20170014,16.2,NULL),(2070,NULL,26717294,20180006,14,NULL),(2071,NULL,26717294,20170015,13.8,NULL),(2072,NULL,26717294,20180007,16.3,NULL),(2073,NULL,26717294,20180015,16,NULL),(2074,NULL,26717294,20170017,17.2,NULL),(2075,NULL,26717294,20180017,16.8,NULL),(2076,NULL,26717294,20180008,17,NULL),(2077,NULL,26717294,20180018,17.4,NULL),(2078,NULL,26717294,20170019,17,NULL),(2079,NULL,26717294,20180020,17,NULL),(2080,NULL,26717294,20170001,14.6,NULL),(2081,NULL,26717294,20170021,15.3,NULL),(2082,NULL,26717294,20180022,17.1,NULL),(2083,NULL,26717294,20180010,15.4,NULL),(2084,NULL,26717294,20180023,17.8,NULL),(2085,NULL,28249316,20170002,15.5,NULL),(2086,NULL,28249316,20170003,13.4,NULL),(2087,NULL,28249316,20170004,11.8,NULL),(2088,NULL,28249316,20170005,15.6,NULL),(2089,NULL,28249316,20170001,14.8,NULL),(2090,NULL,29640373,20170012,16.9,NULL),(2091,NULL,29640373,20170002,16.4,NULL),(2092,NULL,29640373,20170003,18,NULL),(2093,NULL,29640373,20170004,16.2,NULL),(2094,NULL,29640373,20180004,19,NULL),(2095,NULL,29640373,20170005,15.5,NULL),(2096,NULL,29640373,20170014,16.1,NULL),(2097,NULL,29640373,20180006,15.7,NULL),(2098,NULL,29640373,20170015,16,NULL),(2099,NULL,29640373,20180007,16.9,NULL),(2100,NULL,29640373,20180015,16.7,NULL),(2101,NULL,29640373,20170017,18.3,NULL),(2102,NULL,29640373,20180017,17.2,NULL),(2103,NULL,29640373,20180008,16,NULL),(2104,NULL,29640373,20180018,16.1,NULL),(2105,NULL,29640373,20170019,16.5,NULL),(2106,NULL,29640373,20180020,15.7,NULL),(2107,NULL,29640373,20170001,15.1,NULL),(2108,NULL,29640373,20170021,13.4,NULL),(2109,NULL,29640373,20180022,18.9,NULL),(2110,NULL,29640373,20180010,14.7,NULL),(2111,NULL,29640373,20180023,17.5,NULL),(2112,NULL,29666291,20170012,15.8,NULL),(2113,NULL,29666291,20170002,16.9,NULL),(2114,NULL,29666291,20170003,13.8,NULL),(2115,NULL,29666291,20170004,13.4,NULL),(2116,NULL,29666291,20180004,19,NULL),(2117,NULL,29666291,20170005,14.7,NULL),(2118,NULL,29666291,20170014,17.1,NULL),(2119,NULL,29666291,20180006,13.4,NULL),(2120,NULL,29666291,20170015,15,NULL),(2121,NULL,29666291,20180007,15.5,NULL),(2122,NULL,29666291,20180015,16.2,NULL),(2123,NULL,29666291,20170017,15.3,NULL),(2124,NULL,29666291,20180017,17.2,NULL),(2125,NULL,29666291,20180008,15.9,NULL),(2126,NULL,29666291,20180018,17.2,NULL),(2127,NULL,29666291,20170019,15.8,NULL),(2128,NULL,29666291,20180020,15.6,NULL),(2129,NULL,29666291,20170001,14.4,NULL),(2130,NULL,29666291,20170021,16.5,NULL),(2131,NULL,29666291,20180022,16.3,NULL),(2132,NULL,29666291,20180010,14.9,NULL),(2133,NULL,29666291,20180023,15.3,NULL),(2134,NULL,40137316,20170012,14.8,NULL),(2135,NULL,40137316,20170002,13,NULL),(2136,NULL,40137316,20170003,11.8,NULL),(2137,NULL,40137316,20170004,12.2,NULL),(2138,NULL,40137316,20180004,18,NULL),(2139,NULL,40137316,20170005,16.3,NULL),(2140,NULL,40137316,20170014,15.2,NULL),(2141,NULL,40137316,20180006,12,NULL),(2142,NULL,40137316,20170015,11.9,NULL),(2143,NULL,40137316,20180007,14.6,NULL),(2144,NULL,40137316,20180015,14.7,NULL),(2145,NULL,40137316,20170017,14,NULL),(2146,NULL,40137316,20180017,15.8,NULL),(2147,NULL,40137316,20180008,16.8,NULL),(2148,NULL,40137316,20180018,13.5,NULL),(2149,NULL,40137316,20170019,11.5,NULL),(2150,NULL,40137316,20180020,15.4,NULL),(2151,NULL,40137316,20170001,14.5,NULL),(2152,NULL,40137316,20170021,15.3,NULL),(2153,NULL,40137316,20180022,16,NULL),(2154,NULL,40137316,20180010,15.4,NULL),(2155,NULL,40137316,20180023,17.8,NULL),(2156,NULL,40477114,20170012,15.3,NULL),(2157,NULL,40477114,20170002,14.8,NULL),(2158,NULL,40477114,20170003,15.4,NULL),(2159,NULL,40477114,20170004,12.8,NULL),(2160,NULL,40477114,20170005,12.6,NULL),(2161,NULL,40477114,20170014,15.9,NULL),(2162,NULL,40477114,20180006,11.1,NULL),(2163,NULL,40477114,20170015,14.6,NULL),(2164,NULL,40477114,20180007,11.8,NULL),(2165,NULL,40477114,20180015,14.8,NULL),(2166,NULL,40477114,20170017,16.7,NULL),(2167,NULL,40477114,20180017,16.4,NULL),(2168,NULL,40477114,20180008,14.7,NULL),(2169,NULL,40477114,20180018,14.9,NULL),(2170,NULL,40477114,20170019,16,NULL),(2171,NULL,40477114,20180020,16.3,NULL),(2172,NULL,40477114,20170001,15.4,NULL),(2173,NULL,40477114,20170021,15.4,NULL),(2174,NULL,40477114,20180022,14.8,NULL),(2175,NULL,40477114,20180010,15.8,NULL),(2176,NULL,40477114,20180023,17,NULL),(2177,NULL,40477114,20180011,13.2,NULL),(2178,NULL,40484449,20170012,15.9,NULL),(2179,NULL,40484449,20170002,13.5,NULL),(2180,NULL,40484449,20170003,13.6,NULL),(2181,NULL,40484449,20170004,11.8,NULL),(2182,NULL,40484449,20180004,18,NULL),(2183,NULL,40484449,20170005,15.8,NULL),(2184,NULL,40484449,20170014,15.1,NULL),(2185,NULL,40484449,20180006,12.5,NULL),(2186,NULL,40484449,20170015,13.9,NULL),(2187,NULL,40484449,20180007,16,NULL),(2188,NULL,40484449,20180015,14.3,NULL),(2189,NULL,40484449,20170017,16.3,NULL),(2190,NULL,40484449,20180017,17,NULL),(2191,NULL,40484449,20180008,15.7,NULL),(2192,NULL,40484449,20180018,15.2,NULL),(2193,NULL,40484449,20170019,15.8,NULL),(2194,NULL,40484449,20180020,17.3,NULL),(2195,NULL,40484449,20170001,15.2,NULL),(2196,NULL,40484449,20170021,17.1,NULL),(2197,NULL,40484449,20180022,16.7,NULL),(2198,NULL,40484449,20180010,14.5,NULL),(2199,NULL,40484449,20180023,15.3,NULL),(2200,NULL,40522966,20170012,16.3,NULL),(2201,NULL,40522966,20170002,16.3,NULL),(2202,NULL,40522966,20170003,17.9,NULL),(2203,NULL,40522966,20170004,14.3,NULL),(2204,NULL,40522966,20170005,18.8,NULL),(2205,NULL,40522966,20170014,17.6,NULL),(2206,NULL,40522966,20180006,14.3,NULL),(2207,NULL,40522966,20170015,15.2,NULL),(2208,NULL,40522966,20180007,14.3,NULL),(2209,NULL,40522966,20180015,15.8,NULL),(2210,NULL,40522966,20170017,18.1,NULL),(2211,NULL,40522966,20180017,15.8,NULL),(2212,NULL,40522966,20180008,15.6,NULL),(2213,NULL,40522966,20180018,17.4,NULL),(2214,NULL,40522966,20170019,17,NULL),(2215,NULL,40522966,20180020,15.7,NULL),(2216,NULL,40522966,20170001,15,NULL),(2217,NULL,40522966,20170021,16.8,NULL),(2218,NULL,40522966,20180022,17,NULL),(2219,NULL,40522966,20180010,18.4,NULL),(2220,NULL,40522966,20180023,18.4,NULL),(2221,NULL,40522966,20180011,17.5,NULL),(2222,NULL,40621115,20170012,14.9,NULL),(2223,NULL,40621115,20170002,14.6,NULL),(2224,NULL,40621115,20170003,14.5,NULL),(2225,NULL,40621115,20170004,15.4,NULL),(2226,NULL,40621115,20170005,13.9,NULL),(2227,NULL,40621115,20170014,13.4,NULL),(2228,NULL,40621115,20180006,12.6,NULL),(2229,NULL,40621115,20170015,14.5,NULL),(2230,NULL,40621115,20180007,15.4,NULL),(2231,NULL,40621115,20180015,14.4,NULL),(2232,NULL,40621115,20170017,16.5,NULL),(2233,NULL,40621115,20180017,15.8,NULL),(2234,NULL,40621115,20180008,15.4,NULL),(2235,NULL,40621115,20180018,16.5,NULL),(2236,NULL,40621115,20170019,12,NULL),(2237,NULL,40621115,20180020,15.8,NULL),(2238,NULL,40621115,20170001,15,NULL),(2239,NULL,40621115,20170021,13.7,NULL),(2240,NULL,40621115,20180022,15.7,NULL),(2241,NULL,40621115,20180010,15.8,NULL),(2242,NULL,40621115,20180023,17.8,NULL),(2243,NULL,40621115,20180011,13.5,NULL),(2244,NULL,41118206,20170012,14.3,NULL),(2245,NULL,41118206,20170002,14.2,NULL),(2246,NULL,41118206,20170003,14.8,NULL),(2247,NULL,41118206,20170004,13.1,NULL),(2248,NULL,41118206,20170005,16,NULL),(2249,NULL,41118206,20170014,17.4,NULL),(2250,NULL,41118206,20180006,12.4,NULL),(2251,NULL,41118206,20170015,12.1,NULL),(2252,NULL,41118206,20180007,15.6,NULL),(2253,NULL,41118206,20180015,16.7,NULL),(2254,NULL,41118206,20170017,16.4,NULL),(2255,NULL,41118206,20180017,16.2,NULL),(2256,NULL,41118206,20180008,15.9,NULL),(2257,NULL,41118206,20180018,14.8,NULL),(2258,NULL,41118206,20170019,17,NULL),(2259,NULL,41118206,20180020,15.8,NULL),(2260,NULL,41118206,20170001,15.2,NULL),(2261,NULL,41118206,20170021,16,NULL),(2262,NULL,41118206,20180022,16.7,NULL),(2263,NULL,41118206,20180010,17,NULL),(2264,NULL,41118206,20180023,18.4,NULL),(2265,NULL,41118206,20180011,13.7,NULL),(2266,NULL,41422194,20170012,15.7,NULL),(2267,NULL,41422194,20170002,15.5,NULL),(2268,NULL,41422194,20170003,14.4,NULL),(2269,NULL,41422194,20170004,13.2,NULL),(2270,NULL,41422194,20170005,15.7,NULL),(2271,NULL,41422194,20170014,14.9,NULL),(2272,NULL,41422194,20180006,13.3,NULL),(2273,NULL,41422194,20170015,14,NULL),(2274,NULL,41422194,20180007,15.7,NULL),(2275,NULL,41422194,20180015,14.4,NULL),(2276,NULL,41422194,20170017,16.7,NULL),(2277,NULL,41422194,20180017,17,NULL),(2278,NULL,41422194,20180008,14.8,NULL),(2279,NULL,41422194,20180018,15.9,NULL),(2280,NULL,41422194,20170019,16,NULL),(2281,NULL,41422194,20180020,16.2,NULL),(2282,NULL,41422194,20170001,14.2,NULL),(2283,NULL,41422194,20170021,17.1,NULL),(2284,NULL,41422194,20180022,16.7,NULL),(2285,NULL,41422194,20180010,14.4,NULL),(2286,NULL,41422194,20180023,15.3,NULL),(2287,NULL,41422194,20180011,12.8,NULL),(2288,NULL,42255874,20170012,13.7,NULL),(2289,NULL,42255874,20170002,16,NULL),(2290,NULL,42255874,20170003,12,NULL),(2291,NULL,42255874,20170004,14,NULL),(2292,NULL,42255874,20170005,12,NULL),(2293,NULL,42255874,20170014,16,NULL),(2294,NULL,42255874,20180006,11,NULL),(2295,NULL,42255874,20170015,13.3,NULL),(2296,NULL,42255874,20180007,12.3,NULL),(2297,NULL,42255874,20180015,13.8,NULL),(2298,NULL,42255874,20170017,12,NULL),(2299,NULL,42255874,20180017,15.4,NULL),(2300,NULL,42255874,20180008,10.4,NULL),(2301,NULL,42255874,20180018,14.5,NULL),(2302,NULL,42255874,20170019,15.8,NULL),(2303,NULL,42255874,20180020,16,NULL),(2304,NULL,42255874,20170001,13,NULL),(2305,NULL,42255874,20170021,14.3,NULL),(2306,NULL,42255874,20180022,13.6,NULL),(2307,NULL,42255874,20180010,14,NULL),(2308,NULL,42255874,20180023,13,NULL),(2309,NULL,42494934,20170012,15.5,NULL),(2310,NULL,42494934,20170002,15.1,NULL),(2311,NULL,42494934,20170003,15.9,NULL),(2312,NULL,42494934,20170004,15,NULL),(2313,NULL,42494934,20170005,18.5,NULL),(2314,NULL,42494934,20170014,14.4,NULL),(2315,NULL,42494934,20180006,14,NULL),(2316,NULL,42494934,20170015,15,NULL),(2317,NULL,42494934,20180007,15.4,NULL),(2318,NULL,42494934,20180015,14,NULL),(2319,NULL,42494934,20170017,15.3,NULL),(2320,NULL,42494934,20180017,16.8,NULL),(2321,NULL,42494934,20180008,13,NULL),(2322,NULL,42494934,20180018,16.9,NULL),(2323,NULL,42494934,20170019,12.8,NULL),(2324,NULL,42494934,20180020,15,NULL),(2325,NULL,42494934,20170001,15,NULL),(2326,NULL,42494934,20170021,14.7,NULL),(2327,NULL,42494934,20180022,15.5,NULL),(2328,NULL,42494934,20180010,13.5,NULL),(2329,NULL,42494934,20180023,15.3,NULL),(2330,NULL,42494934,20180011,14.7,NULL),(2331,NULL,43060381,20170012,16.1,NULL),(2332,NULL,43060381,20170002,13.3,NULL),(2333,NULL,43060381,20170003,17.8,NULL),(2334,NULL,43060381,20170004,14.3,NULL),(2335,NULL,43060381,20170005,15,NULL),(2336,NULL,43060381,20170014,15.9,NULL),(2337,NULL,43060381,20180006,11.3,NULL),(2338,NULL,43060381,20170015,14,NULL),(2339,NULL,43060381,20180007,15.8,NULL),(2340,NULL,43060381,20180015,17.3,NULL),(2341,NULL,43060381,20170017,15.2,NULL),(2342,NULL,43060381,20180017,16.6,NULL),(2343,NULL,43060381,20180008,15.2,NULL),(2344,NULL,43060381,20180018,14.4,NULL),(2345,NULL,43060381,20170019,14.5,NULL),(2346,NULL,43060381,20180020,16,NULL),(2347,NULL,43060381,20170001,13.8,NULL),(2348,NULL,43060381,20170021,16.2,NULL),(2349,NULL,43060381,20180022,16.7,NULL),(2350,NULL,43060381,20180010,17.3,NULL),(2351,NULL,43060381,20180023,18.4,NULL),(2352,NULL,43060381,20180011,15.5,NULL),(2353,NULL,44776377,20170012,16.3,NULL),(2354,NULL,44776377,20170002,18.1,NULL),(2355,NULL,44776377,20170003,15.5,NULL),(2356,NULL,44776377,20170004,15.8,NULL),(2357,NULL,44776377,20180004,17.7,NULL),(2358,NULL,44776377,20170005,15.1,NULL),(2359,NULL,44776377,20170014,16.9,NULL),(2360,NULL,44776377,20180006,15.4,NULL),(2361,NULL,44776377,20170015,14.6,NULL),(2362,NULL,44776377,20180007,16.1,NULL),(2363,NULL,44776377,20180015,15.4,NULL),(2364,NULL,44776377,20170017,14.9,NULL),(2365,NULL,44776377,20180017,16.4,NULL),(2366,NULL,44776377,20180008,16.7,NULL),(2367,NULL,44776377,20180018,18,NULL),(2368,NULL,44776377,20170019,18.8,NULL),(2369,NULL,44776377,20180020,18.2,NULL),(2370,NULL,44776377,20170001,15.4,NULL),(2371,NULL,44776377,20170021,14.7,NULL),(2372,NULL,44776377,20180022,18.7,NULL),(2373,NULL,44776377,20180010,13.8,NULL),(2374,NULL,44776377,20180023,15.3,NULL),(2375,NULL,46849921,20170012,17.3,NULL),(2376,NULL,46849921,20170002,16.3,NULL),(2377,NULL,46849921,20170003,18.2,NULL),(2378,NULL,46849921,20170004,17.5,NULL),(2379,NULL,46849921,20170005,17.4,NULL),(2380,NULL,46849921,20170014,16.7,NULL),(2381,NULL,46849921,20180006,17.3,NULL),(2382,NULL,46849921,20170015,16.2,NULL),(2383,NULL,46849921,20180007,16.2,NULL),(2384,NULL,46849921,20180015,16.8,NULL),(2385,NULL,46849921,20170017,19,NULL),(2386,NULL,46849921,20180017,16.4,NULL),(2387,NULL,46849921,20180008,16.3,NULL),(2388,NULL,46849921,20180018,17.6,NULL),(2389,NULL,46849921,20170019,18.3,NULL),(2390,NULL,46849921,20180020,17.4,NULL),(2391,NULL,46849921,20170001,13.7,NULL),(2392,NULL,46849921,20170021,14,NULL),(2393,NULL,46849921,20180022,18.7,NULL),(2394,NULL,46849921,20180010,15.3,NULL),(2395,NULL,46849921,20180023,17.5,NULL),(2396,NULL,46849921,20180011,18,NULL),(2397,NULL,80284505,20170012,14.5,NULL),(2398,NULL,80284505,20170002,13.3,NULL),(2399,NULL,80284505,20170003,13.1,NULL),(2400,NULL,80284505,20170004,16,NULL),(2401,NULL,80284505,20170005,14.7,NULL),(2402,NULL,80284505,20170014,16.6,NULL),(2403,NULL,80284505,20170015,12.5,NULL),(2404,NULL,80284505,20170017,15.9,NULL),(2405,NULL,80284505,20170019,14,NULL),(2406,NULL,80284505,20170001,13.7,NULL),(2407,NULL,80284505,20170021,9.6,NULL),(2408,NULL,80288058,20170002,13.6,NULL),(2409,NULL,80288058,20170003,13.9,NULL),(2410,NULL,80288058,20170004,11.3,NULL),(2411,NULL,80288058,20170005,14.9,NULL),(2412,NULL,80288058,20170014,15.6,NULL),(2413,NULL,80288058,20180006,12.2,NULL),(2414,NULL,80288058,20170015,10,NULL),(2415,NULL,80288058,20180007,12.3,NULL),(2416,NULL,80288058,20170017,14.1,NULL),(2417,NULL,80288058,20180008,12.4,NULL),(2418,NULL,80288058,20170001,13.8,NULL),(2419,NULL,80288058,20170021,12,NULL),(2420,NULL,80288058,20180010,14.3,NULL),(2421,NULL,80288058,20180011,13.8,NULL),(2422,NULL,507207,20160006,14.2,NULL),(2423,NULL,507207,20160001,17,NULL),(2424,NULL,507207,20160002,13,NULL),(2425,NULL,507207,20160003,15,NULL),(2426,NULL,507207,20160004,13,NULL),(2427,NULL,507207,20160007,13.3,NULL),(2428,NULL,507207,20170006,12,NULL),(2429,NULL,507207,20160008,13.2,NULL),(2430,NULL,507207,20170007,17.3,NULL),(2431,NULL,507207,20170016,14,NULL),(2432,NULL,507207,20160009,10.1,NULL),(2433,NULL,507207,20170008,15.6,NULL),(2434,NULL,507207,20170009,16.1,NULL),(2435,NULL,507207,20170018,13.4,NULL),(2436,NULL,507207,20160010,16.4,NULL),(2437,NULL,507207,20170020,17.2,NULL),(2438,NULL,507207,20160005,15,NULL),(2439,NULL,507207,20160011,15,NULL),(2440,NULL,507207,20170022,14,NULL),(2441,NULL,507207,20170023,15.5,NULL),(2442,NULL,507207,20170010,13,NULL),(2443,NULL,507207,20170024,13,NULL),(2444,NULL,6718279,20160006,14.9,NULL),(2445,NULL,6718279,20160001,17,NULL),(2446,NULL,6718279,20160002,17,NULL),(2447,NULL,6718279,20160003,16,NULL),(2448,NULL,6718279,20160004,15,NULL),(2449,NULL,6718279,20170013,14,NULL),(2450,NULL,6718279,20160007,16.7,NULL),(2451,NULL,6718279,20170006,12,NULL),(2452,NULL,6718279,20160008,16.3,NULL),(2453,NULL,6718279,20170007,17.9,NULL),(2454,NULL,6718279,20170016,15.4,NULL),(2455,NULL,6718279,20160009,16.8,NULL),(2456,NULL,6718279,20170008,17,NULL),(2457,NULL,6718279,20170009,15.1,NULL),(2458,NULL,6718279,20170018,15.6,NULL),(2459,NULL,6718279,20160010,18.5,NULL),(2460,NULL,6718279,20170020,17.2,NULL),(2461,NULL,6718279,20160005,16,NULL),(2462,NULL,6718279,20160011,14.2,NULL),(2463,NULL,6718279,20170023,16.8,NULL),(2464,NULL,6718279,20170010,12,NULL),(2465,NULL,6718279,20170024,14.1,NULL),(2466,NULL,8129771,20160006,15.2,NULL),(2467,NULL,8129771,20160001,14,NULL),(2468,NULL,8129771,20160002,17,NULL),(2469,NULL,8129771,20160003,16,NULL),(2470,NULL,8129771,20160004,13,NULL),(2471,NULL,8129771,20170013,13,NULL),(2472,NULL,8129771,20160007,16.8,NULL),(2473,NULL,8129771,20170006,14,NULL),(2474,NULL,8129771,20160008,12.8,NULL),(2475,NULL,8129771,20170007,18.1,NULL),(2476,NULL,8129771,20170016,15,NULL),(2477,NULL,8129771,20160009,16.6,NULL),(2478,NULL,8129771,20170008,16,NULL),(2479,NULL,8129771,20170009,17.5,NULL),(2480,NULL,8129771,20170018,17,NULL),(2481,NULL,8129771,20160010,18.4,NULL),(2482,NULL,8129771,20170020,17.3,NULL),(2483,NULL,8129771,20160005,17,NULL),(2484,NULL,8129771,20160011,16.7,NULL),(2485,NULL,8129771,20170023,15.7,NULL),(2486,NULL,8129771,20170010,16,NULL),(2487,NULL,8129771,20170024,16.3,NULL),(2488,NULL,9442275,20160006,13,NULL),(2489,NULL,9442275,20160001,16,NULL),(2490,NULL,9442275,20160002,11,NULL),(2491,NULL,9442275,20160003,16,NULL),(2492,NULL,9442275,20160004,13,NULL),(2493,NULL,9442275,20170013,13,NULL),(2494,NULL,9442275,20160007,13.5,NULL),(2495,NULL,9442275,20170006,11.2,NULL),(2496,NULL,9442275,20160008,12.6,NULL),(2497,NULL,9442275,20170007,16.8,NULL),(2498,NULL,9442275,20170016,14.8,NULL),(2499,NULL,9442275,20160009,17.2,NULL),(2500,NULL,9442275,20170008,16.8,NULL),(2501,NULL,9442275,20170009,15.5,NULL),(2502,NULL,9442275,20170018,16.4,NULL),(2503,NULL,9442275,20160010,17.6,NULL),(2504,NULL,9442275,20170020,17.3,NULL),(2505,NULL,9442275,20160005,16,NULL),(2506,NULL,9442275,20160011,13.5,NULL),(2507,NULL,9442275,20170023,15.8,NULL),(2508,NULL,9442275,20170010,13,NULL),(2509,NULL,9442275,20170024,13,NULL),(2510,NULL,10013994,20160006,13.6,NULL),(2511,NULL,10013994,20160001,14,NULL),(2512,NULL,10013994,20160002,18,NULL),(2513,NULL,10013994,20160003,15,NULL),(2514,NULL,10013994,20160004,13,NULL),(2515,NULL,10013994,20170013,14,NULL),(2516,NULL,10013994,20160007,15.6,NULL),(2517,NULL,10013994,20170006,13.1,NULL),(2518,NULL,10013994,20160008,15.1,NULL),(2519,NULL,10013994,20170007,17,NULL),(2520,NULL,10013994,20170016,16.4,NULL),(2521,NULL,10013994,20160009,13.7,NULL),(2522,NULL,10013994,20170008,15.8,NULL),(2523,NULL,10013994,20170009,16.9,NULL),(2524,NULL,10013994,20170018,16.3,NULL),(2525,NULL,10013994,20160010,17.6,NULL),(2526,NULL,10013994,20170020,17.2,NULL),(2527,NULL,10013994,20160005,16,NULL),(2528,NULL,10013994,20160011,16.5,NULL),(2529,NULL,10013994,20170023,14.8,NULL),(2530,NULL,10013994,20170010,16,NULL),(2531,NULL,10013994,20170024,16.3,NULL),(2532,NULL,21134436,20160006,14.9,NULL),(2533,NULL,21134436,20160001,16,NULL),(2534,NULL,21134436,20160002,14,NULL),(2535,NULL,21134436,20160003,16,NULL),(2536,NULL,21134436,20160004,15,NULL),(2537,NULL,21134436,20160007,17,NULL),(2538,NULL,21134436,20170006,13.7,NULL),(2539,NULL,21134436,20160008,13.1,NULL),(2540,NULL,21134436,20170007,17.9,NULL),(2541,NULL,21134436,20170016,15.7,NULL),(2542,NULL,21134436,20160009,16.1,NULL),(2543,NULL,21134436,20170008,15.4,NULL),(2544,NULL,21134436,20170009,15.7,NULL),(2545,NULL,21134436,20170018,15.9,NULL),(2546,NULL,21134436,20160010,17.9,NULL),(2547,NULL,21134436,20170020,16.6,NULL),(2548,NULL,21134436,20160005,14,NULL),(2549,NULL,21134436,20160011,15.6,NULL),(2550,NULL,21134436,20170022,13,NULL),(2551,NULL,21134436,20170023,16.2,NULL),(2552,NULL,21134436,20170010,15,NULL),(2553,NULL,21134436,20170024,15.9,NULL),(2554,NULL,29366026,20160006,12.1,NULL),(2555,NULL,29366026,20160001,16,NULL),(2556,NULL,29366026,20160002,11,NULL),(2557,NULL,29366026,20160003,15,NULL),(2558,NULL,29366026,20160004,14,NULL),(2559,NULL,29366026,20170013,14,NULL),(2560,NULL,29366026,20160007,16.2,NULL),(2561,NULL,29366026,20170006,12,NULL),(2562,NULL,29366026,20160008,16.9,NULL),(2563,NULL,29366026,20170007,16.9,NULL),(2564,NULL,29366026,20170016,17.4,NULL),(2565,NULL,29366026,20160009,15.6,NULL),(2566,NULL,29366026,20170008,16.6,NULL),(2567,NULL,29366026,20170009,16.7,NULL),(2568,NULL,29366026,20170018,14.7,NULL),(2569,NULL,29366026,20160010,16.2,NULL),(2570,NULL,29366026,20170020,17.4,NULL),(2571,NULL,29366026,20160005,15,NULL),(2572,NULL,29366026,20160011,17.8,NULL),(2573,NULL,29366026,20170023,16.5,NULL),(2574,NULL,29366026,20170010,15,NULL),(2575,NULL,29366026,20170024,16.7,NULL),(2576,NULL,29602041,20160006,15.1,NULL),(2577,NULL,29602041,20160001,16,NULL),(2578,NULL,29602041,20160002,13,NULL),(2579,NULL,29602041,20160003,15,NULL),(2580,NULL,29602041,20160004,14,NULL),(2581,NULL,29602041,20170013,13,NULL),(2582,NULL,29602041,20160007,13,NULL),(2583,NULL,29602041,20170006,12.1,NULL),(2584,NULL,29602041,20160008,14.3,NULL),(2585,NULL,29602041,20170007,15.9,NULL),(2586,NULL,29602041,20170016,15.3,NULL),(2587,NULL,29602041,20160009,16.6,NULL),(2588,NULL,29602041,20170008,16.8,NULL),(2589,NULL,29602041,20170009,15.8,NULL),(2590,NULL,29602041,20170018,15.1,NULL),(2591,NULL,29602041,20160010,17.2,NULL),(2592,NULL,29602041,20170020,17.3,NULL),(2593,NULL,29602041,20160005,15,NULL),(2594,NULL,29602041,20160011,16.3,NULL),(2595,NULL,29602041,20170023,15.6,NULL),(2596,NULL,29602041,20170010,14,NULL),(2597,NULL,29602041,20170024,16.3,NULL),(2598,NULL,32403722,20160006,13.4,NULL),(2599,NULL,32403722,20160001,15,NULL),(2600,NULL,32403722,20160002,16,NULL),(2601,NULL,32403722,20160003,15,NULL),(2602,NULL,32403722,20160004,11,NULL),(2603,NULL,32403722,20160007,14,NULL),(2604,NULL,32403722,20160008,13.2,NULL),(2605,NULL,32403722,20160009,12.3,NULL),(2606,NULL,32403722,20160010,16.1,NULL),(2607,NULL,32403722,20160005,14,NULL),(2608,NULL,32403722,20160011,15.3,NULL),(2609,NULL,40185429,20160006,13.8,NULL),(2610,NULL,40185429,20160001,17,NULL),(2611,NULL,40185429,20160002,13,NULL),(2612,NULL,40185429,20160003,16,NULL),(2613,NULL,40185429,20160004,14,NULL),(2614,NULL,40185429,20160007,16.4,NULL),(2615,NULL,40185429,20170006,14,NULL),(2616,NULL,40185429,20160008,14.3,NULL),(2617,NULL,40185429,20170007,17.1,NULL),(2618,NULL,40185429,20170016,16.6,NULL),(2619,NULL,40185429,20160009,17.7,NULL),(2620,NULL,40185429,20170008,15.6,NULL),(2621,NULL,40185429,20170009,14.6,NULL),(2622,NULL,40185429,20170018,12.2,NULL),(2623,NULL,40185429,20160010,19,NULL),(2624,NULL,40185429,20170020,5.8,NULL),(2625,NULL,40185429,20160005,16,NULL),(2626,NULL,40185429,20160011,15.6,NULL),(2627,NULL,40185429,20170022,13,NULL),(2628,NULL,40185429,20170023,16.7,NULL),(2629,NULL,40185429,20170010,15,NULL),(2630,NULL,40185429,20170024,15.9,NULL),(2631,NULL,4030543,20160006,12.4,NULL),(2632,NULL,4030543,20160001,15,NULL),(2633,NULL,4030543,20160002,13,NULL),(2634,NULL,4030543,20160003,15,NULL),(2635,NULL,4030543,20160004,13,NULL),(2636,NULL,4030543,20170013,12,NULL),(2637,NULL,4030543,20160007,13.9,NULL),(2638,NULL,4030543,20170006,12,NULL),(2639,NULL,4030543,20160008,14.3,NULL),(2640,NULL,4030543,20170007,17.9,NULL),(2641,NULL,4030543,20170016,15.6,NULL),(2642,NULL,4030543,20160009,13.8,NULL),(2643,NULL,4030543,20170008,15.4,NULL),(2644,NULL,4030543,20170009,16.7,NULL),(2645,NULL,4030543,20170018,16,NULL),(2646,NULL,4030543,20160010,16.5,NULL),(2647,NULL,4030543,20170020,16.4,NULL),(2648,NULL,4030543,20160005,13,NULL),(2649,NULL,4030543,20160011,14.8,NULL),(2650,NULL,4030543,20170023,15,NULL),(2651,NULL,4030543,20170010,14,NULL),(2652,NULL,4030543,20170024,16,NULL),(2653,NULL,40656434,20160006,14.9,NULL),(2654,NULL,40656434,20160001,16,NULL),(2655,NULL,40656434,20160002,16,NULL),(2656,NULL,40656434,20160003,14,NULL),(2657,NULL,40656434,20160004,13,NULL),(2658,NULL,40656434,20170013,14,NULL),(2659,NULL,40656434,20160007,14.8,NULL),(2660,NULL,40656434,20170006,14.2,NULL),(2661,NULL,40656434,20160008,13.2,NULL),(2662,NULL,40656434,20170007,14.3,NULL),(2663,NULL,40656434,20170016,15.1,NULL),(2664,NULL,40656434,20160009,12.4,NULL),(2665,NULL,40656434,20170008,17,NULL),(2666,NULL,40656434,20170009,15,NULL),(2667,NULL,40656434,20170018,15.2,NULL),(2668,NULL,40656434,20160010,17.1,NULL),(2669,NULL,40656434,20170020,16.1,NULL),(2670,NULL,40656434,20160005,13,NULL),(2671,NULL,40656434,20160011,15.6,NULL),(2672,NULL,40656434,20170023,15.5,NULL),(2673,NULL,40656434,20170010,13,NULL),(2674,NULL,40656434,20170024,16.3,NULL),(2675,NULL,40942664,20160006,16.2,NULL),(2676,NULL,40942664,20160001,16,NULL),(2677,NULL,40942664,20160002,17,NULL),(2678,NULL,40942664,20160003,16,NULL),(2679,NULL,40942664,20160004,15,NULL),(2680,NULL,40942664,20170013,11,NULL),(2681,NULL,40942664,20160007,14.6,NULL),(2682,NULL,40942664,20170006,15,NULL),(2683,NULL,40942664,20160008,14.6,NULL),(2684,NULL,40942664,20170007,17.7,NULL),(2685,NULL,40942664,20170016,15.6,NULL),(2686,NULL,40942664,20160009,14.9,NULL),(2687,NULL,40942664,20170008,16.4,NULL),(2688,NULL,40942664,20170009,16.2,NULL),(2689,NULL,40942664,20170018,16.7,NULL),(2690,NULL,40942664,20160010,17.5,NULL),(2691,NULL,40942664,20170020,16.2,NULL),(2692,NULL,40942664,20160005,15,NULL),(2693,NULL,40942664,20160011,15.3,NULL),(2694,NULL,40942664,20170023,16.1,NULL),(2695,NULL,40942664,20170010,12,NULL),(2696,NULL,40942664,20170024,16.7,NULL),(2697,NULL,41291475,20160006,14.1,NULL),(2698,NULL,41291475,20160001,17,NULL),(2699,NULL,41291475,20160002,16,NULL),(2700,NULL,41291475,20160003,17,NULL),(2701,NULL,41291475,20160004,14,NULL),(2702,NULL,41291475,20170013,13,NULL),(2703,NULL,41291475,20160007,14.4,NULL),(2704,NULL,41291475,20170006,13,NULL),(2705,NULL,41291475,20160008,14.2,NULL),(2706,NULL,41291475,20170007,17.4,NULL),(2707,NULL,41291475,20170016,14.8,NULL),(2708,NULL,41291475,20160009,17.8,NULL),(2709,NULL,41291475,20170008,16.6,NULL),(2710,NULL,41291475,20170009,16.7,NULL),(2711,NULL,41291475,20170018,15.9,NULL),(2712,NULL,41291475,20160010,17.8,NULL),(2713,NULL,41291475,20170020,13.7,NULL),(2714,NULL,41291475,20160005,16,NULL),(2715,NULL,41291475,20160011,14,NULL),(2716,NULL,41291475,20170023,16.3,NULL),(2717,NULL,41291475,20170010,12,NULL),(2718,NULL,41291475,20170024,14.1,NULL),(2719,NULL,41340132,20160006,14.3,NULL),(2720,NULL,41340132,20160001,16,NULL),(2721,NULL,41340132,20160002,14,NULL),(2722,NULL,41340132,20160003,14,NULL),(2723,NULL,41340132,20160004,11,NULL),(2724,NULL,41340132,20160007,14.5,NULL),(2725,NULL,41340132,20170006,12,NULL),(2726,NULL,41340132,20160008,11,NULL),(2727,NULL,41340132,20170007,16.5,NULL),(2728,NULL,41340132,20170016,14.1,NULL),(2729,NULL,41340132,20160009,11.6,NULL),(2730,NULL,41340132,20170008,16,NULL),(2731,NULL,41340132,20170009,13.7,NULL),(2732,NULL,41340132,20170018,15.1,NULL),(2733,NULL,41340132,20160010,16.4,NULL),(2734,NULL,41340132,20170020,15.6,NULL),(2735,NULL,41340132,20160005,13,NULL),(2736,NULL,41340132,20160011,15.1,NULL),(2737,NULL,41340132,20170022,14.5,NULL),(2738,NULL,41340132,20170023,13.5,NULL),(2739,NULL,41340132,20170010,12,NULL),(2740,NULL,41340132,20170024,15.9,NULL),(2741,NULL,41569194,20160006,14.4,NULL),(2742,NULL,41569194,20160001,15,NULL),(2743,NULL,41569194,20160002,14,NULL),(2744,NULL,41569194,20160003,13,NULL),(2745,NULL,41569194,20160004,14,NULL),(2746,NULL,41569194,20160007,13,NULL),(2747,NULL,41569194,20170006,10,NULL),(2748,NULL,41569194,20160008,13,NULL),(2749,NULL,41569194,20170007,15.9,NULL),(2750,NULL,41569194,20170016,13.9,NULL),(2751,NULL,41569194,20160009,13.8,NULL),(2752,NULL,41569194,20170008,15.6,NULL),(2753,NULL,41569194,20170009,15.2,NULL),(2754,NULL,41569194,20170018,15.8,NULL),(2755,NULL,41569194,20160010,14.5,NULL),(2756,NULL,41569194,20170020,16,NULL),(2757,NULL,41569194,20160005,15,NULL),(2758,NULL,41569194,20160011,14.8,NULL),(2759,NULL,41569194,20170022,13,NULL),(2760,NULL,41569194,20170023,15.7,NULL),(2761,NULL,41569194,20170010,13,NULL),(2762,NULL,41569194,20170024,13,NULL),(2763,NULL,41677993,20160006,16.6,NULL),(2764,NULL,41677993,20160001,16,NULL),(2765,NULL,41677993,20160002,17,NULL),(2766,NULL,41677993,20160003,16,NULL),(2767,NULL,41677993,20160004,17,NULL),(2768,NULL,41677993,20160007,15.1,NULL),(2769,NULL,41677993,20170006,15,NULL),(2770,NULL,41677993,20160008,13.4,NULL),(2771,NULL,41677993,20170007,16.5,NULL),(2772,NULL,41677993,20170016,13,NULL),(2773,NULL,41677993,20160009,18.9,NULL),(2774,NULL,41677993,20170008,15.4,NULL),(2775,NULL,41677993,20170009,17.9,NULL),(2776,NULL,41677993,20170018,16.5,NULL),(2777,NULL,41677993,20160010,16.5,NULL),(2778,NULL,41677993,20170020,16.8,NULL),(2779,NULL,41677993,20160005,14,NULL),(2780,NULL,41677993,20160011,15.8,NULL),(2781,NULL,41677993,20170022,14,NULL),(2782,NULL,41677993,20170023,14.8,NULL),(2783,NULL,41677993,20170010,14,NULL),(2784,NULL,41677993,20170024,12,NULL),(2785,NULL,41723081,20160006,15.5,NULL),(2786,NULL,41723081,20160001,17,NULL),(2787,NULL,41723081,20160002,17,NULL),(2788,NULL,41723081,20160003,15,NULL),(2789,NULL,41723081,20160004,16,NULL),(2790,NULL,41723081,20170013,15,NULL),(2791,NULL,41723081,20160007,15.2,NULL),(2792,NULL,41723081,20170006,14,NULL),(2793,NULL,41723081,20160008,13.8,NULL),(2794,NULL,41723081,20170007,18.5,NULL),(2795,NULL,41723081,20170016,16,NULL),(2796,NULL,41723081,20160009,17.9,NULL),(2797,NULL,41723081,20170008,15.6,NULL),(2798,NULL,41723081,20170009,17.5,NULL),(2799,NULL,41723081,20170018,15.9,NULL),(2800,NULL,41723081,20160010,18.5,NULL),(2801,NULL,41723081,20170020,17.2,NULL),(2802,NULL,41723081,20160005,15,NULL),(2803,NULL,41723081,20160011,15.8,NULL),(2804,NULL,41723081,20170023,14.6,NULL),(2805,NULL,41723081,20170010,14,NULL),(2806,NULL,41723081,20170024,16,NULL),(2807,NULL,41756415,20160006,14.9,NULL),(2808,NULL,41756415,20160001,15,NULL),(2809,NULL,41756415,20160002,17,NULL),(2810,NULL,41756415,20160003,16,NULL),(2811,NULL,41756415,20160004,12,NULL),(2812,NULL,41756415,20160007,17.7,NULL),(2813,NULL,41756415,20170006,14,NULL),(2814,NULL,41756415,20160008,13.6,NULL),(2815,NULL,41756415,20170007,14.9,NULL),(2816,NULL,41756415,20170016,15,NULL),(2817,NULL,41756415,20160009,14.2,NULL),(2818,NULL,41756415,20170008,15.6,NULL),(2819,NULL,41756415,20170009,16.5,NULL),(2820,NULL,41756415,20170018,16.3,NULL),(2821,NULL,41756415,20160010,18,NULL),(2822,NULL,41756415,20170020,16.6,NULL),(2823,NULL,41756415,20160005,15,NULL),(2824,NULL,41756415,20160011,14.3,NULL),(2825,NULL,41756415,20170022,14.5,NULL),(2826,NULL,41756415,20170023,15.8,NULL),(2827,NULL,41756415,20170010,14,NULL),(2828,NULL,41756415,20170024,16,NULL),(2829,NULL,42535582,20160006,14.9,NULL),(2830,NULL,42535582,20160001,13,NULL),(2831,NULL,42535582,20160002,14,NULL),(2832,NULL,42535582,20160003,16,NULL),(2833,NULL,42535582,20160004,13,NULL),(2834,NULL,42535582,20160007,17.2,NULL),(2835,NULL,42535582,20170006,15,NULL),(2836,NULL,42535582,20160008,14.7,NULL),(2837,NULL,42535582,20170007,14,NULL),(2838,NULL,42535582,20170016,16.1,NULL),(2839,NULL,42535582,20160009,16,NULL),(2840,NULL,42535582,20170008,16,NULL),(2841,NULL,42535582,20170009,16.8,NULL),(2842,NULL,42535582,20170018,16,NULL),(2843,NULL,42535582,20160010,16.5,NULL),(2844,NULL,42535582,20170020,16.7,NULL),(2845,NULL,42535582,20160005,16,NULL),(2846,NULL,42535582,20160011,16.5,NULL),(2847,NULL,42535582,20170022,16.5,NULL),(2848,NULL,42535582,20170023,15.4,NULL),(2849,NULL,42535582,20170010,16,NULL),(2850,NULL,42535582,20170024,16.3,NULL),(2851,NULL,42775395,20160006,15.8,NULL),(2852,NULL,42775395,20160001,18,NULL),(2853,NULL,42775395,20160002,16,NULL),(2854,NULL,42775395,20160003,15,NULL),(2855,NULL,42775395,20160004,18,NULL),(2856,NULL,42775395,20160007,15.2,NULL),(2857,NULL,42775395,20170006,11.8,NULL),(2858,NULL,42775395,20160008,15.9,NULL),(2859,NULL,42775395,20170007,18.2,NULL),(2860,NULL,42775395,20170016,16.3,NULL),(2861,NULL,42775395,20160009,18,NULL),(2862,NULL,42775395,20170008,17,NULL),(2863,NULL,42775395,20170009,17.7,NULL),(2864,NULL,42775395,20170018,16.3,NULL),(2865,NULL,42775395,20160010,17.1,NULL),(2866,NULL,42775395,20170020,17.3,NULL),(2867,NULL,42775395,20160005,14,NULL),(2868,NULL,42775395,20160011,16.5,NULL),(2869,NULL,42775395,20170022,14,NULL),(2870,NULL,42775395,20170023,16.9,NULL),(2871,NULL,42775395,20170010,14,NULL),(2872,NULL,42775395,20170024,16.3,NULL),(2873,NULL,45712420,20160006,16.2,NULL),(2874,NULL,45712420,20160001,17,NULL),(2875,NULL,45712420,20160002,17,NULL),(2876,NULL,45712420,20160003,17,NULL),(2877,NULL,45712420,20160004,14,NULL),(2878,NULL,45712420,20160007,16.6,NULL),(2879,NULL,45712420,20170006,15.1,NULL),(2880,NULL,45712420,20160008,16.9,NULL),(2881,NULL,45712420,20170007,17.1,NULL),(2882,NULL,45712420,20170016,14.5,NULL),(2883,NULL,45712420,20160009,16.2,NULL),(2884,NULL,45712420,20170008,16.6,NULL),(2885,NULL,45712420,20170009,16.8,NULL),(2886,NULL,45712420,20170018,16.9,NULL),(2887,NULL,45712420,20160010,17.7,NULL),(2888,NULL,45712420,20170020,16.9,NULL),(2889,NULL,45712420,20160005,16,NULL),(2890,NULL,45712420,20160011,17.6,NULL),(2891,NULL,45712420,20170022,20,NULL),(2892,NULL,45712420,20170023,16.6,NULL),(2893,NULL,45712420,20170010,15,NULL),(2894,NULL,45712420,20170024,16.7,NULL),(2895,NULL,46633801,20160006,14.9,NULL),(2896,NULL,46633801,20160001,17,NULL),(2897,NULL,46633801,20160002,16,NULL),(2898,NULL,46633801,20160003,16,NULL),(2899,NULL,46633801,20160004,14,NULL),(2900,NULL,46633801,20170013,13,NULL),(2901,NULL,46633801,20160007,14.8,NULL),(2902,NULL,46633801,20170006,14,NULL),(2903,NULL,46633801,20160008,17.2,NULL),(2904,NULL,46633801,20170007,18.1,NULL),(2905,NULL,46633801,20170016,15.6,NULL),(2906,NULL,46633801,20160009,19,NULL),(2907,NULL,46633801,20170008,16.8,NULL),(2908,NULL,46633801,20170009,15.3,NULL),(2909,NULL,46633801,20170018,17,NULL),(2910,NULL,46633801,20160010,18.1,NULL),(2911,NULL,46633801,20170020,16.3,NULL),(2912,NULL,46633801,20160005,16,NULL),(2913,NULL,46633801,20160011,16.3,NULL),(2914,NULL,46633801,20170023,17.1,NULL),(2915,NULL,46633801,20170010,14,NULL),(2916,NULL,46633801,20170024,16.3,NULL),(2917,NULL,70753856,20160006,16.4,NULL),(2918,NULL,70753856,20160001,17,NULL),(2919,NULL,70753856,20160002,19,NULL),(2920,NULL,70753856,20160003,16,NULL),(2921,NULL,70753856,20160004,18,NULL),(2922,NULL,70753856,20160007,17.7,NULL),(2923,NULL,70753856,20170006,15,NULL),(2924,NULL,70753856,20160008,16.1,NULL),(2925,NULL,70753856,20170007,17.6,NULL),(2926,NULL,70753856,20170016,15.9,NULL),(2927,NULL,70753856,20160009,19.1,NULL),(2928,NULL,70753856,20170008,16.4,NULL),(2929,NULL,70753856,20170009,17.3,NULL),(2930,NULL,70753856,20170018,15.9,NULL),(2931,NULL,70753856,20160010,17.5,NULL),(2932,NULL,70753856,20170020,15.9,NULL),(2933,NULL,70753856,20160005,16,NULL),(2934,NULL,70753856,20160011,17.6,NULL),(2935,NULL,70753856,20170022,19,NULL),(2936,NULL,70753856,20170023,16.5,NULL),(2937,NULL,70753856,20170010,15,NULL),(2938,NULL,70753856,20170024,16.7,NULL),(2939,NULL,7581442,20160006,12.9,NULL),(2940,NULL,7581442,20160001,16,NULL),(2941,NULL,7581442,20160002,14,NULL),(2942,NULL,7581442,20160003,16,NULL),(2943,NULL,7581442,20160004,13,NULL),(2944,NULL,7581442,20170013,13,NULL),(2945,NULL,7581442,20160007,15.3,NULL),(2946,NULL,7581442,20170006,13,NULL),(2947,NULL,7581442,20160008,12.7,NULL),(2948,NULL,7581442,20170007,17.5,NULL),(2949,NULL,7581442,20170016,14.7,NULL),(2950,NULL,7581442,20160009,17.8,NULL),(2951,NULL,7581442,20170008,17,NULL),(2952,NULL,7581442,20170009,17.2,NULL),(2953,NULL,7581442,20170018,17.1,NULL),(2954,NULL,7581442,20160010,17.5,NULL),(2955,NULL,7581442,20170020,13.1,NULL),(2956,NULL,7581442,20160005,16,NULL),(2957,NULL,7581442,20160011,15.3,NULL),(2958,NULL,7581442,20170023,13.9,NULL),(2959,NULL,7581442,20170010,13,NULL),(2960,NULL,7581442,20170024,13,NULL),(2961,NULL,8664728,20160006,14,NULL),(2962,NULL,8664728,20160001,16,NULL),(2963,NULL,8664728,20160002,11,NULL),(2964,NULL,8664728,20160003,14,NULL),(2965,NULL,8664728,20160004,13,NULL),(2966,NULL,8664728,20170013,13,NULL),(2967,NULL,8664728,20160007,14.3,NULL),(2968,NULL,8664728,20170006,14.2,NULL),(2969,NULL,8664728,20160008,11.2,NULL),(2970,NULL,8664728,20170007,15.3,NULL),(2971,NULL,8664728,20170016,13.7,NULL),(2972,NULL,8664728,20160009,12,NULL),(2973,NULL,8664728,20170008,16.2,NULL),(2974,NULL,8664728,20170009,15.4,NULL),(2975,NULL,8664728,20170018,15.2,NULL),(2976,NULL,8664728,20160010,15.7,NULL),(2977,NULL,8664728,20170020,17.3,NULL),(2978,NULL,8664728,20160005,12,NULL),(2979,NULL,8664728,20160011,15.3,NULL),(2980,NULL,8664728,20170023,15.2,NULL),(2981,NULL,8664728,20170010,12,NULL),(2982,NULL,8664728,20170024,15.9,NULL),(2983,NULL,9789860,20160006,14.9,NULL),(2984,NULL,9789860,20160001,16,NULL),(2985,NULL,9789860,20160002,15,NULL),(2986,NULL,9789860,20160003,13,NULL),(2987,NULL,9789860,20160004,15,NULL),(2988,NULL,9789860,20160007,13.3,NULL),(2989,NULL,9789860,20170006,14,NULL),(2990,NULL,9789860,20160008,15.4,NULL),(2991,NULL,9789860,20170007,16.2,NULL),(2992,NULL,9789860,20170016,14.1,NULL),(2993,NULL,9789860,20160009,17.7,NULL),(2994,NULL,9789860,20170008,15.4,NULL),(2995,NULL,9789860,20170009,17.3,NULL),(2996,NULL,9789860,20170018,15.7,NULL),(2997,NULL,9789860,20160010,16.2,NULL),(2998,NULL,9789860,20170020,17.3,NULL),(2999,NULL,9789860,20160005,16,NULL),(3000,NULL,9789860,20160011,15.8,NULL),(3001,NULL,9789860,20170022,13,NULL),(3002,NULL,9789860,20170023,15.3,NULL),(3003,NULL,9789860,20170010,14,NULL),(3004,NULL,9789860,20170024,16,NULL),(3005,NULL,775030,20160006,13,NULL),(3006,NULL,775030,20160001,17,NULL),(3007,NULL,775030,20160002,16,NULL),(3008,NULL,775030,20160003,16,NULL),(3009,NULL,775030,20160004,17,NULL),(3010,NULL,775030,20160007,17.4,NULL),(3011,NULL,775030,20170006,13,NULL),(3012,NULL,775030,20160008,13.8,NULL),(3013,NULL,775030,20170007,15.6,NULL),(3014,NULL,775030,20170016,14.8,NULL),(3015,NULL,775030,20160009,16.6,NULL),(3016,NULL,775030,20170008,16.6,NULL),(3017,NULL,775030,20170009,16.9,NULL),(3018,NULL,775030,20170018,16.1,NULL),(3019,NULL,775030,20160010,17.3,NULL),(3020,NULL,775030,20170020,17,NULL),(3021,NULL,775030,20160005,15,NULL),(3022,NULL,775030,20160011,14,NULL),(3023,NULL,775030,20170022,14.5,NULL),(3024,NULL,775030,20170023,16.7,NULL),(3025,NULL,775030,20170010,12,NULL),(3026,NULL,775030,20170024,14.1,NULL),(3027,NULL,4438118,20220012,15.4,NULL),(3028,NULL,9533154,20220012,18.3,NULL),(3029,NULL,9833191,20220012,17,NULL),(3030,NULL,10272752,20220012,16.7,NULL),(3031,NULL,20107912,20220012,14.8,NULL),(3032,NULL,20438073,20220012,17.3,NULL),(3033,NULL,25861749,20220012,16.4,NULL),(3034,NULL,29625538,20220012,15,NULL),(3035,NULL,41095724,20220012,15.5,NULL),(3036,NULL,41768439,20220012,17.3,NULL),(3037,NULL,41886804,20220012,17,NULL),(3038,NULL,43323727,20220012,17.8,NULL),(3039,NULL,43836655,20220012,16,NULL),(3040,NULL,45958126,20220012,17,NULL),(3041,NULL,46217001,20220012,15,NULL),(3042,NULL,47265506,20220012,16.5,NULL),(3043,NULL,70249711,20220012,16.8,NULL),(3044,NULL,70459578,20220012,15.9,NULL),(3045,NULL,4438118,20220017,15,NULL),(3046,NULL,9533154,20220017,15.7,NULL),(3047,NULL,9833191,20220017,12,NULL),(3048,NULL,10272752,20220017,13.3,NULL),(3049,NULL,20107912,20220017,13.2,NULL),(3050,NULL,20438073,20220017,16.2,NULL),(3051,NULL,25861749,20220017,13.6,NULL),(3052,NULL,29625538,20220017,10.9,NULL),(3053,NULL,41095724,20220017,13.2,NULL),(3054,NULL,41768439,20220017,12.3,NULL),(3055,NULL,41886804,20220017,11.8,NULL),(3056,NULL,43323727,20220017,16,NULL),(3057,NULL,43836655,20220017,11.2,NULL),(3058,NULL,45958126,20220017,11,NULL),(3059,NULL,46217001,20220017,12.8,NULL),(3060,NULL,47265506,20220017,10.4,NULL),(3061,NULL,70249711,20220017,16.8,NULL),(3062,NULL,70459578,20220017,11.1,NULL),(3063,NULL,4438118,20220018,15.8,NULL),(3064,NULL,9533154,20220018,17.1,NULL),(3065,NULL,9833191,20220018,16.7,NULL),(3066,NULL,10272752,20220018,15.7,NULL),(3067,NULL,20107912,20220018,13.5,NULL),(3068,NULL,20438073,20220018,17.1,NULL),(3069,NULL,25861749,20220018,17.1,NULL),(3070,NULL,29625538,20220018,13.4,NULL),(3071,NULL,41095724,20220018,14.8,NULL),(3072,NULL,41768439,20220018,15.3,NULL),(3073,NULL,41886804,20220018,14.2,NULL),(3074,NULL,43323727,20220018,16.7,NULL),(3075,NULL,43836655,20220018,14.1,NULL),(3076,NULL,45958126,20220018,16,NULL),(3077,NULL,46217001,20220018,16,NULL),(3078,NULL,47265506,20220018,13.9,NULL),(3079,NULL,70249711,20220018,16,NULL),(3080,NULL,70459578,20220018,16.6,NULL),(3081,NULL,4438118,20220019,14.8,NULL),(3082,NULL,9533154,20220019,15.4,NULL),(3083,NULL,9833191,20220019,14.9,NULL),(3084,NULL,10272752,20220019,16.1,NULL),(3085,NULL,20107912,20220019,14.9,NULL),(3086,NULL,20438073,20220019,16.4,NULL),(3087,NULL,25861749,20220019,15.6,NULL),(3088,NULL,29625538,20220019,14.7,NULL),(3089,NULL,41095724,20220019,15.8,NULL),(3090,NULL,41768439,20220019,14.8,NULL),(3091,NULL,41886804,20220019,14.4,NULL),(3092,NULL,43323727,20220019,18,NULL),(3093,NULL,43836655,20220019,15,NULL),(3094,NULL,45958126,20220019,15.4,NULL),(3095,NULL,46217001,20220019,15.9,NULL),(3096,NULL,47265506,20220019,16.1,NULL),(3097,NULL,70249711,20220019,17.2,NULL),(3098,NULL,70459578,20220019,16.6,NULL),(3099,NULL,4438118,20220021,17,NULL),(3100,NULL,9533154,20220021,17,NULL),(3101,NULL,9833191,20220021,16.3,NULL),(3102,NULL,10272752,20220021,14,NULL),(3103,NULL,20107912,20220021,14,NULL),(3104,NULL,20438073,20220021,17,NULL),(3105,NULL,25861749,20220021,13.7,NULL),(3106,NULL,29625538,20220021,16.3,NULL),(3107,NULL,41095724,20220021,17,NULL),(3108,NULL,41304306,20220021,17,NULL),(3109,NULL,41768439,20220021,16,NULL),(3110,NULL,41886804,20220021,16.3,NULL),(3111,NULL,43323727,20220021,17,NULL),(3112,NULL,43836655,20220021,16,NULL),(3113,NULL,45958126,20220021,16.3,NULL),(3114,NULL,46217001,20220021,17,NULL),(3115,NULL,47265506,20220021,16.3,NULL),(3116,NULL,70249711,20220021,17,NULL),(3117,NULL,70459578,20220021,16.3,NULL),(3118,NULL,4438118,20220022,13.8,NULL),(3119,NULL,9533154,20220022,15.2,NULL),(3120,NULL,9833191,20220022,11.4,NULL),(3121,NULL,10272752,20220022,15.1,NULL),(3122,NULL,20107912,20220022,12.8,NULL),(3123,NULL,20438073,20220022,16.3,NULL),(3124,NULL,25861749,20220022,14.7,NULL),(3125,NULL,29625538,20220022,9.6,NULL),(3126,NULL,41095724,20220022,13.4,NULL),(3127,NULL,41768439,20220022,13.4,NULL),(3128,NULL,41886804,20220022,12.5,NULL),(3129,NULL,43323727,20220022,16.7,NULL),(3130,NULL,43836655,20220022,10.5,NULL),(3131,NULL,45958126,20220022,12,NULL),(3132,NULL,46217001,20220022,15.7,NULL),(3133,NULL,47265506,20220022,11.2,NULL),(3134,NULL,70249711,20220022,15.7,NULL),(3135,NULL,70459578,20220022,13.2,NULL),(3136,NULL,7464253,20220011,14.8,NULL),(3137,NULL,8175781,20220011,15.3,NULL),(3138,NULL,10147455,20220011,15,NULL),(3139,NULL,10188289,20220011,14.5,NULL),(3140,NULL,10635593,20220011,14.8,NULL),(3141,NULL,20082568,20220011,14.8,NULL),(3142,NULL,29649775,20220011,15,NULL),(3143,NULL,31680090,20220011,15,NULL),(3144,NULL,40320684,20220011,14.5,NULL),(3145,NULL,40573042,20220011,14.8,NULL),(3146,NULL,40709983,20220011,15.3,NULL),(3147,NULL,41130259,20220011,14.8,NULL),(3148,NULL,41195799,20220011,14.8,NULL),(3149,NULL,41398694,20220011,14.8,NULL),(3150,NULL,41603792,20220011,14.8,NULL),(3151,NULL,41734937,20220011,14.8,NULL),(3152,NULL,41784367,20220011,14.5,NULL),(3153,NULL,42103751,20220011,15.3,NULL),(3154,NULL,42746442,20220011,15,NULL),(3155,NULL,43620845,20220011,14,NULL),(3156,NULL,43862216,20220011,14.8,NULL),(3157,NULL,47040670,20220011,14.8,NULL),(3158,NULL,71778502,20220011,15,NULL),(3159,NULL,72279239,20220011,14.8,NULL),(3160,NULL,80504037,20220011,14.8,NULL),(3161,NULL,7464253,20220013,17.9,NULL),(3162,NULL,8175781,20220013,16.7,NULL),(3163,NULL,10147455,20220013,16.4,NULL),(3164,NULL,10188289,20220013,18,NULL),(3165,NULL,10635593,20220013,18.1,NULL),(3166,NULL,20082568,20220013,18.6,NULL),(3167,NULL,29649775,20220013,14,NULL),(3168,NULL,31680090,20220013,15.2,NULL),(3169,NULL,40320684,20220013,18.1,NULL),(3170,NULL,40573042,20220013,18.6,NULL),(3171,NULL,40709983,20220013,18.3,NULL),(3172,NULL,41130259,20220013,18,NULL),(3173,NULL,41195799,20220013,18,NULL),(3174,NULL,41398694,20220013,18.4,NULL),(3175,NULL,41603792,20220013,17.6,NULL),(3176,NULL,41734937,20220013,19.5,NULL),(3177,NULL,41784367,20220013,18.9,NULL),(3178,NULL,42103751,20220013,18.2,NULL),(3179,NULL,43620845,20220013,19.2,NULL),(3180,NULL,43862216,20220013,18.2,NULL),(3181,NULL,47040670,20220013,15.5,NULL),(3182,NULL,71778502,20220013,18.5,NULL),(3183,NULL,72279239,20220013,18.9,NULL),(3184,NULL,80504037,20220013,19.2,NULL),(3185,NULL,7464253,20220014,13,NULL),(3186,NULL,8175781,20220014,14.2,NULL),(3187,NULL,10147455,20220014,11.3,NULL),(3188,NULL,10188289,20220014,15.8,NULL),(3189,NULL,10635593,20220014,11.1,NULL),(3190,NULL,20082568,20220014,12.1,NULL),(3191,NULL,29649775,20220014,14.8,NULL),(3192,NULL,31680090,20220014,13.4,NULL),(3193,NULL,40320684,20220014,16.1,NULL),(3194,NULL,40573042,20220014,14.8,NULL),(3195,NULL,40709983,20220014,13.8,NULL),(3196,NULL,41130259,20220014,14.4,NULL),(3197,NULL,41195799,20220014,15,NULL),(3198,NULL,41398694,20220014,15.6,NULL),(3199,NULL,41603792,20220014,10.7,NULL),(3200,NULL,41734937,20220014,14,NULL),(3201,NULL,41784367,20220014,17.7,NULL),(3202,NULL,42103751,20220014,13.2,NULL),(3203,NULL,42746442,20220014,12.6,NULL),(3204,NULL,43620845,20220014,12,NULL),(3205,NULL,43862216,20220014,10.8,NULL),(3206,NULL,47040670,20220014,13.8,NULL),(3207,NULL,71778502,20220014,13.3,NULL),(3208,NULL,72279239,20220014,14.7,NULL),(3209,NULL,80504037,20220014,14,NULL),(3210,NULL,7464253,20220015,12.7,NULL),(3211,NULL,8175781,20220015,15.3,NULL),(3212,NULL,10147455,20220015,12.2,NULL),(3213,NULL,10188289,20220015,14.3,NULL),(3214,NULL,10635593,20220015,11,NULL),(3215,NULL,20082568,20220015,14.6,NULL),(3216,NULL,29649775,20220015,16.8,NULL),(3217,NULL,31680090,20220015,17.9,NULL),(3218,NULL,40320684,20220015,15.1,NULL),(3219,NULL,40573042,20220015,12.7,NULL),(3220,NULL,40709983,20220015,14.3,NULL),(3221,NULL,41130259,20220015,16.6,NULL),(3222,NULL,41195799,20220015,12.9,NULL),(3223,NULL,41398694,20220015,17.3,NULL),(3224,NULL,41603792,20220015,15.9,NULL),(3225,NULL,41734937,20220015,16.2,NULL),(3226,NULL,41784367,20220015,17.4,NULL),(3227,NULL,42103751,20220015,13.4,NULL),(3228,NULL,43620845,20220015,11.6,NULL),(3229,NULL,43862216,20220015,14.5,NULL),(3230,NULL,47040670,20220015,17.5,NULL),(3231,NULL,71778502,20220015,18.2,NULL),(3232,NULL,72279239,20220015,16.6,NULL),(3233,NULL,80504037,20220015,17.6,NULL),(3234,NULL,7464253,20220016,17,NULL),(3235,NULL,8175781,20220016,17,NULL),(3236,NULL,10147455,20220016,16.1,NULL),(3237,NULL,10188289,20220016,18.1,NULL),(3238,NULL,10635593,20220016,15.9,NULL),(3239,NULL,20082568,20220016,15.7,NULL),(3240,NULL,29649775,20220016,15.4,NULL),(3241,NULL,31680090,20220016,15.4,NULL),(3242,NULL,40320684,20220016,15.9,NULL),(3243,NULL,40573042,20220016,15.7,NULL),(3244,NULL,40709983,20220016,17,NULL),(3245,NULL,41130259,20220016,15.9,NULL),(3246,NULL,41195799,20220016,18.1,NULL),(3247,NULL,41398694,20220016,15.9,NULL),(3248,NULL,41603792,20220016,16.1,NULL),(3249,NULL,41734937,20220016,15.7,NULL),(3250,NULL,41784367,20220016,18.1,NULL),(3251,NULL,42103751,20220016,17,NULL),(3252,NULL,43620845,20220016,15.7,NULL),(3253,NULL,43862216,20220016,16.1,NULL),(3254,NULL,47040670,20220016,15.4,NULL),(3255,NULL,71778502,20220016,16.1,NULL),(3256,NULL,72279239,20220016,18.1,NULL),(3257,NULL,80504037,20220016,15.7,NULL),(3258,NULL,7464253,20220020,17.3,NULL),(3259,NULL,8175781,20220020,16.5,NULL),(3260,NULL,10147455,20220020,18.5,NULL),(3261,NULL,10188289,20220020,17,NULL),(3262,NULL,10635593,20220020,13,NULL),(3263,NULL,20082568,20220020,13.5,NULL),(3264,NULL,29649775,20220020,13.5,NULL),(3265,NULL,31680090,20220020,17,NULL),(3266,NULL,40320684,20220020,16.5,NULL),(3267,NULL,40573042,20220020,15,NULL),(3268,NULL,40709983,20220020,18,NULL),(3269,NULL,41130259,20220020,19.3,NULL),(3270,NULL,41195799,20220020,17.5,NULL),(3271,NULL,41398694,20220020,17,NULL),(3272,NULL,41603792,20220020,15.5,NULL),(3273,NULL,41734937,20220020,18,NULL),(3274,NULL,41784367,20220020,17,NULL),(3275,NULL,42103751,20220020,16.5,NULL),(3276,NULL,42746442,20220020,15.5,NULL),(3277,NULL,43620845,20220020,12.8,NULL),(3278,NULL,43862216,20220020,16.5,NULL),(3279,NULL,47040670,20220020,18.5,NULL),(3280,NULL,71778502,20220020,13,NULL),(3281,NULL,72279239,20220020,18,NULL),(3282,NULL,80504037,20220020,18,NULL);
/*!40000 ALTER TABLE `Notas` ENABLE KEYS */;
UNLOCK TABLES;

--
-- Table structure for table `Pregunta`
--

DROP TABLE IF EXISTS `Pregunta`;
/*!40101 SET @saved_cs_client     = @@character_set_client */;
/*!50503 SET character_set_client = utf8mb4 */;
CREATE TABLE `Pregunta` (
  `id_pregunta` int NOT NULL AUTO_INCREMENT,
  `Pregunta_Descripcion` varchar(200) DEFAULT NULL,
  PRIMARY KEY (`id_pregunta`)
) ENGINE=InnoDB AUTO_INCREMENT=11 DEFAULT CHARSET=utf8mb3;
/*!40101 SET character_set_client = @saved_cs_client */;

--
-- Dumping data for table `Pregunta`
--

LOCK TABLES `Pregunta` WRITE;
/*!40000 ALTER TABLE `Pregunta` DISABLE KEYS */;
INSERT INTO `Pregunta` VALUES (1,'El docente conoce el tema asignado'),(2,'El docente explica con claridad y brinda orientación adecuada'),(3,'La combinación entre teoría y práctica fue adecuada'),(4,'El docente fomenta la participación en clase'),(5,'El docente se muestra dispuesto a resolver cualquier duda que tengan los alumnos'),(6,'El docente se dirige a los alumnos con respeto en todo '),(7,'El contenido de las sesiones guarda relación y es relevante para el sector minero'),(8,'El contenido de las sesiones es útil y fácil de aplicar a mi '),(9,'El contenido del material (presentaciones, casos, lecturas, etc.) '),(10,'Oportunidades de mejora');
/*!40000 ALTER TABLE `Pregunta` ENABLE KEYS */;
UNLOCK TABLES;

--
-- Table structure for table `Programa`
--

DROP TABLE IF EXISTS `Programa`;
/*!40101 SET @saved_cs_client     = @@character_set_client */;
/*!50503 SET character_set_client = utf8mb4 */;
CREATE TABLE `Programa` (
  `id_programa` int NOT NULL AUTO_INCREMENT,
  `Prog_Nombre` varchar(40) DEFAULT NULL,
  `Prog_Email` varchar(40) DEFAULT NULL,
  `Prog_Inicio` date DEFAULT NULL,
  `Prog_Finalizacion` date DEFAULT NULL,
  `Prog_Estado` varchar(25) DEFAULT NULL,
  `Prog_Tipo` varchar(20) DEFAULT NULL,
  PRIMARY KEY (`id_programa`)
) ENGINE=InnoDB AUTO_INCREMENT=2 DEFAULT CHARSET=utf8mb3;
/*!40101 SET character_set_client = @saved_cs_client */;

--
-- Dumping data for table `Programa`
--

LOCK TABLES `Programa` WRITE;
/*!40000 ALTER TABLE `Programa` DISABLE KEYS */;
INSERT INTO `Programa` VALUES (1,'Maestría en Gestión Minera',NULL,NULL,NULL,NULL,NULL);
/*!40000 ALTER TABLE `Programa` ENABLE KEYS */;
UNLOCK TABLES;
/*!40103 SET TIME_ZONE=@OLD_TIME_ZONE */;

/*!40101 SET SQL_MODE=@OLD_SQL_MODE */;
/*!40014 SET FOREIGN_KEY_CHECKS=@OLD_FOREIGN_KEY_CHECKS */;
/*!40014 SET UNIQUE_CHECKS=@OLD_UNIQUE_CHECKS */;
/*!40101 SET CHARACTER_SET_CLIENT=@OLD_CHARACTER_SET_CLIENT */;
/*!40101 SET CHARACTER_SET_RESULTS=@OLD_CHARACTER_SET_RESULTS */;
/*!40101 SET COLLATION_CONNECTION=@OLD_COLLATION_CONNECTION */;
/*!40111 SET SQL_NOTES=@OLD_SQL_NOTES */;

-- Dump completed on 2023-10-20 16:14:11
